-- MySQL dump 10.13  Distrib 5.7.18, for macos10.12 (x86_64)
--
-- Host: localhost    Database: HospitalSurvey
-- ------------------------------------------------------
-- Server version	5.7.18
use HospitalSurvey;

/*!40101 SET @OLD_CHARACTER_SET_CLIENT=@@CHARACTER_SET_CLIENT */;
/*!40101 SET @OLD_CHARACTER_SET_RESULTS=@@CHARACTER_SET_RESULTS */;
/*!40101 SET @OLD_COLLATION_CONNECTION=@@COLLATION_CONNECTION */;
/*!40101 SET NAMES utf8 */;
/*!40103 SET @OLD_TIME_ZONE=@@TIME_ZONE */;
/*!40103 SET TIME_ZONE='+00:00' */;
/*!40014 SET @OLD_UNIQUE_CHECKS=@@UNIQUE_CHECKS, UNIQUE_CHECKS=0 */;
/*!40014 SET @OLD_FOREIGN_KEY_CHECKS=@@FOREIGN_KEY_CHECKS, FOREIGN_KEY_CHECKS=0 */;
/*!40101 SET @OLD_SQL_MODE=@@SQL_MODE, SQL_MODE='NO_AUTO_VALUE_ON_ZERO' */;
/*!40111 SET @OLD_SQL_NOTES=@@SQL_NOTES, SQL_NOTES=0 */;

--
-- Table structure for table `Answer`
--

DROP TABLE IF EXISTS `Answer`;
/*!40101 SET @saved_cs_client     = @@character_set_client */;
/*!40101 SET character_set_client = utf8 */;
CREATE TABLE `Answer` (
  `answerId` int(11) NOT NULL AUTO_INCREMENT,
  `deliveryId` int(11) NOT NULL,
  `questionId` int(11) NOT NULL,
  `surveyId` int(11) NOT NULL,
  `patientId` varchar(255) NOT NULL,
  `textChoice` int(1) DEFAULT '0',
  `textChoiceContent` varchar(255) DEFAULT NULL,
  `lastModified` varchar(25) DEFAULT '',
  `modifiedDate` varchar(25) DEFAULT NULL,
  `aid` int(11) NOT NULL,
  PRIMARY KEY (`answerId`),
  KEY `aid` (`aid`),
  KEY `deliveryId` (`deliveryId`),
  KEY `questionId` (`questionId`),
  KEY `patientId` (`patientId`),
  KEY `surveyId` (`surveyId`),
  CONSTRAINT `Answer_ibfk_1` FOREIGN KEY (`aid`) REFERENCES `doctor` (`aid`),
  CONSTRAINT `Answer_ibfk_2` FOREIGN KEY (`deliveryId`) REFERENCES `deliveryInfo` (`deliveryId`) ON DELETE CASCADE,
  CONSTRAINT `Answer_ibfk_3` FOREIGN KEY (`questionId`) REFERENCES `Question` (`questionId`) ON DELETE CASCADE,
  CONSTRAINT `Answer_ibfk_4` FOREIGN KEY (`patientId`) REFERENCES `Patient` (`patientId`) ON DELETE CASCADE,
  CONSTRAINT `Answer_ibfk_5` FOREIGN KEY (`surveyId`) REFERENCES `survey` (`surveyId`) ON DELETE CASCADE
) ENGINE=InnoDB AUTO_INCREMENT=70 DEFAULT CHARSET=utf8;
/*!40101 SET character_set_client = @saved_cs_client */;

--
-- Dumping data for table `Answer`
--

LOCK TABLES `Answer` WRITE;
/*!40000 ALTER TABLE `Answer` DISABLE KEYS */;
/*!40000 ALTER TABLE `Answer` ENABLE KEYS */;
UNLOCK TABLES;

--
-- Table structure for table `Authorization`
--

DROP TABLE IF EXISTS `Authorization`;
/*!40101 SET @saved_cs_client     = @@character_set_client */;
/*!40101 SET character_set_client = utf8 */;
CREATE TABLE `Authorization` (
  `aid` int(11) NOT NULL,
  `surveySet` int(2) DEFAULT '0',
  `patientSet` int(2) DEFAULT '0',
  `deliverySet` int(2) DEFAULT '0',
  `typeSet` int(2) DEFAULT '0',
  `retrieveSet` int(2) DEFAULT '0',
  `forfeitSet` int(2) DEFAULT '0',
  `planSet` int(2) DEFAULT '0',
  `sysSet` int(2) DEFAULT '0',
  `superSet` int(2) DEFAULT '0',
  PRIMARY KEY (`aid`),
  CONSTRAINT `Authorization_ibfk_1` FOREIGN KEY (`aid`) REFERENCES `doctor` (`aid`)
) ENGINE=InnoDB DEFAULT CHARSET=utf8;
/*!40101 SET character_set_client = @saved_cs_client */;

--
-- Dumping data for table `Authorization`
--

LOCK TABLES `Authorization` WRITE;
/*!40000 ALTER TABLE `Authorization` DISABLE KEYS */;
INSERT INTO `Authorization` VALUES 
(6,1,1,1,1,1,1,1,1,1),
(7,0,1,1,0,1,0,0,0,0),
(8,0,1,1,0,1,0,0,0,0),
(9,0,1,1,0,1,0,0,0,0),
(10,0,1,1,0,1,0,0,0,0),
(11,0,1,1,0,1,0,0,0,0),
(12,0,1,1,0,1,0,0,0,0),
(13,0,1,1,0,1,0,0,0,0),
(14,0,1,1,0,1,0,0,0,0),
(15,0,1,1,0,1,0,0,0,0),
(16,0,1,1,0,1,0,0,0,0),
(17,0,1,1,0,1,0,0,0,0),
(18,0,1,1,0,1,0,0,0,0),
(19,0,1,1,0,1,0,0,0,0),
(20,0,1,1,0,1,0,0,0,0),
(21,0,1,1,0,1,0,0,0,0),
(22,0,1,1,0,1,0,0,0,0),
(23,0,1,1,0,1,0,0,0,0),
(24,0,1,1,0,1,0,0,0,0),
(25,0,1,1,0,1,0,0,0,0),
(26,0,1,1,0,1,0,0,0,0),
(27,0,1,1,0,1,0,0,0,0),
(28,0,1,1,0,1,0,0,0,0),
(29,0,1,1,0,1,0,0,0,0),
(30,0,1,1,0,1,0,0,0,0),
(31,0,1,1,0,1,0,0,0,0),
(32,0,1,1,0,1,0,0,0,0),
(33,0,1,1,0,1,0,0,0,0),
(34,0,1,1,0,1,0,0,0,0),
(35,0,1,1,0,1,0,0,0,0),
(36,0,1,1,0,1,0,0,0,0),
(37,0,1,1,0,1,0,0,0,0),
(38,0,1,1,0,1,0,0,0,0),
(39,0,1,1,0,1,0,0,0,0),
(40,0,1,1,0,1,0,0,0,0),
(41,1,1,1,1,1,0,1,1,1),
(42,0,1,1,0,1,0,0,0,0),
(43,0,1,1,0,1,0,0,0,0),
(44,0,1,1,0,1,0,0,0,0),
(45,0,1,1,0,1,0,0,0,0),
(46,0,1,1,0,1,0,0,0,0),
(47,0,1,1,0,1,0,0,0,0),
(48,0,1,1,0,1,0,0,0,0),
(49,0,1,1,0,1,0,0,0,0),
(50,0,1,1,0,1,0,0,0,0),
(51,0,1,1,0,1,0,0,0,0),
(52,0,1,1,0,1,0,0,0,0),
(53,0,1,1,0,1,0,0,0,0),
(54,0,1,1,0,1,0,0,0,0),
(55,0,1,1,0,1,0,0,0,0),
(56,0,1,1,0,1,0,0,0,0),
(57,0,1,1,0,1,0,0,0,0),
(58,0,1,1,0,1,0,0,0,0);
/*!40000 ALTER TABLE `Authorization` ENABLE KEYS */;
UNLOCK TABLES;

--
-- Table structure for table `Choice`
--

DROP TABLE IF EXISTS `Choice`;
/*!40101 SET @saved_cs_client     = @@character_set_client */;
/*!40101 SET character_set_client = utf8 */;
CREATE TABLE `Choice` (
  `choiceId` int(11) NOT NULL AUTO_INCREMENT,
  `questionId` int(11) DEFAULT '0',
  `score` decimal(8,2) DEFAULT NULL,
  `choiceContent` varchar(255) NOT NULL,
  `choiceImgPath` varchar(255) DEFAULT NULL,
  `aid` int(11) NOT NULL,
  PRIMARY KEY (`choiceId`),
  KEY `aid` (`aid`),
  CONSTRAINT `Choice_ibfk_1` FOREIGN KEY (`aid`) REFERENCES `doctor` (`aid`)
) ENGINE=InnoDB AUTO_INCREMENT=1838 DEFAULT CHARSET=utf8;
/*!40101 SET character_set_client = @saved_cs_client */;

--
-- Dumping data for table `Choice`
--

LOCK TABLES `Choice` WRITE;
/*!40000 ALTER TABLE `Choice` DISABLE KEYS */;
INSERT INTO `Choice` VALUES (125,26,1.00,'0天','',6),(126,26,2.00,'1-7天','',6),(127,26,3.00,'8-14天','',6),(128,26,4.00,'15-21天','',6),(129,26,5.00,'22-28天','',6),(130,26,6.00,'1月以上','',6),(131,26,7.00,'2月以上','',6),(157,30,1.00,'母亲','',6),(158,30,2.00,'父亲','',6),(159,30,3.00,'祖父母（外祖父母）','',6),(160,30,4.00,'保姆','',6),(161,30,5.00,'其他','',6),(162,31,1.00,'小学及初中','',6),(163,31,2.00,'高中或中专','',6),(164,31,3.00,'大专及本科','',6),(165,31,4.00,'硕士及以上','',6),(166,32,1.00,'小学及初中','',6),(167,32,2.00,'高中或中专','',6),(168,32,3.00,'大专及本科','',6),(169,32,4.00,'硕士及以上','',6),(461,86,0.00,'0天','',6),(462,86,0.00,'1-3天','',6),(463,86,0.00,'4-7天','',6),(464,86,0.00,'8-14天','',6),(465,86,0.00,'15-21天','',6),(466,86,0.00,'22-28天','',6),(555,107,0.00,'控制良好','',6),(556,107,0.00,'部分控制','',6),(557,107,0.00,'未控制','',6),(590,116,0.00,'0天','',6),(591,116,0.00,'1-3天','',6),(592,116,0.00,'4-7天','',6),(593,116,0.00,'8-14天','',6),(594,116,0.00,'15-21天','',6),(595,116,0.00,'22-28天','',6),(706,138,0.00,'控制良好','',6),(707,138,0.00,'部分控制','',6),(708,138,0.00,'未控制','',6),(709,140,0.00,'从来没有','',6),(710,140,0.00,'几乎没有','',6),(711,140,0.00,'有时候会有','',6),(712,140,0.00,'经常有','',6),(713,140,0.00,'一直有','',6),(718,142,0.00,'从来没有','',6),(719,142,0.00,'几乎没有','',6),(720,142,0.00,'有时候会有','',6),(721,142,0.00,'经常有','',6),(722,142,0.00,'一直有','',6),(723,143,0.00,'从来没有','',6),(724,143,0.00,'几乎没有','',6),(725,143,0.00,'有时候会有','',6),(726,143,0.00,'经常有','',6),(727,143,0.00,'一直有','',6),(728,144,0.00,'从来没有','',6),(729,144,0.00,'几乎没有','',6),(730,144,0.00,'有时候会有','',6),(731,144,0.00,'经常有','',6),(732,144,0.00,'一直有','',6),(733,145,0.00,'从来没有','',6),(734,145,0.00,'几乎没有','',6),(735,145,0.00,'有时候会有','',6),(736,145,0.00,'经常有','',6),(737,145,0.00,'一直有','',6),(748,146,0.00,'从来没有','',6),(749,146,0.00,'几乎没有','',6),(750,146,0.00,'有时候会有','',6),(751,146,0.00,'经常有','',6),(752,146,0.00,'一直有','',6),(758,148,0.00,'从来没有','',6),(759,148,0.00,'几乎没有','',6),(760,148,0.00,'有时候会有','',6),(761,148,0.00,'经常有','',6),(762,148,0.00,'一直有','',6),(763,149,0.00,'从来没有','',6),(764,149,0.00,'几乎没有','',6),(765,149,0.00,'有时候会有','',6),(766,149,0.00,'经常有','',6),(767,149,0.00,'一直有','',6),(773,151,0.00,'从来没有','',6),(774,151,0.00,'几乎没有','',6),(775,151,0.00,'有时候会有','',6),(776,151,0.00,'经常有','',6),(777,151,0.00,'一直有','',6),(783,152,0.00,'从来没有','',6),(784,152,0.00,'几乎没有','',6),(785,152,0.00,'有时候会有','',6),(786,152,0.00,'经常有','',6),(787,152,0.00,'一直有','',6),(788,150,0.00,'从来没有','',6),(789,150,0.00,'几乎没有','',6),(790,150,0.00,'有时候会有','',6),(791,150,0.00,'经常有','',6),(792,150,0.00,'一直有','',6),(793,153,0.00,'从来没有','',6),(794,153,0.00,'几乎没有','',6),(795,153,0.00,'有时候会有','',6),(796,153,0.00,'经常有','',6),(797,153,0.00,'一直有','',6),(798,154,0.00,'从来没有','',6),(799,154,0.00,'几乎没有','',6),(800,154,0.00,'有时候会有','',6),(801,154,0.00,'经常有','',6),(802,154,0.00,'一直有','',6),(803,155,0.00,'从来没有','',6),(804,155,0.00,'几乎没有','',6),(805,155,0.00,'有时候会有','',6),(806,155,0.00,'经常有','',6),(807,155,0.00,'一直有','',6),(813,156,0.00,'从来没有','',6),(814,156,0.00,'几乎没有','',6),(815,156,0.00,'有时候会有','',6),(816,156,0.00,'经常有','',6),(817,156,0.00,'一直有','',6),(823,157,0.00,'从来没有','',6),(824,157,0.00,'几乎没有','',6),(825,157,0.00,'有时候会有','',6),(826,157,0.00,'经常有','',6),(827,157,0.00,'一直有','',6),(833,158,0.00,'从来没有','',6),(834,158,0.00,'几乎没有','',6),(835,158,0.00,'有时候会有','',6),(836,158,0.00,'经常有','',6),(837,158,0.00,'一直有','',6),(838,159,0.00,'从来没有','',6),(839,159,0.00,'几乎没有','',6),(840,159,0.00,'有时候会有','',6),(841,159,0.00,'经常有','',6),(842,159,0.00,'一直有','',6),(843,160,0.00,'从来没有','',6),(844,160,0.00,'几乎没有','',6),(845,160,0.00,'有时候会有','',6),(846,160,0.00,'经常有','',6),(847,160,0.00,'一直有','',6),(848,161,0.00,'从来没有','',6),(849,161,0.00,'几乎没有','',6),(850,161,0.00,'有时候会有','',6),(851,161,0.00,'经常有','',6),(852,161,0.00,'一直有','',6),(858,162,0.00,'从来没有','',6),(859,162,0.00,'几乎没有','',6),(860,162,0.00,'有时候会有','',6),(861,162,0.00,'经常有','',6),(862,162,0.00,'一直有','',6),(863,163,0.00,'从来没有','',6),(864,163,0.00,'几乎没有','',6),(865,163,0.00,'有时候会有','',6),(866,163,0.00,'经常有','',6),(867,163,0.00,'一直有','',6),(873,165,0.00,'从来没有','',6),(874,165,0.00,'几乎没有','',6),(875,165,0.00,'有时候会有','',6),(876,165,0.00,'经常有','',6),(877,165,0.00,'一直有','',6),(878,166,0.00,'从来没有','',6),(879,166,0.00,'几乎没有','',6),(880,166,0.00,'有时候会有','',6),(881,166,0.00,'经常有','',6),(882,166,0.00,'一直有','',6),(883,167,0.00,'从来没有','',6),(884,167,0.00,'几乎没有','',6),(885,167,0.00,'有时候会有','',6),(886,167,0.00,'经常有','',6),(887,167,0.00,'一直有','',6),(888,168,0.00,'从来没有','',6),(889,168,0.00,'几乎没有','',6),(890,168,0.00,'有时候会有','',6),(891,168,0.00,'经常有','',6),(892,168,0.00,'一直有','',6),(893,169,0.00,'从来没有','',6),(894,169,0.00,'几乎没有','',6),(895,169,0.00,'有时候会有','',6),(896,169,0.00,'经常有','',6),(897,169,0.00,'一直有','',6),(911,141,0.00,'从来没有','',6),(912,141,0.00,'几乎没有','',6),(913,141,0.00,'有时候会有','',6),(914,141,0.00,'经常有','',6),(915,141,0.00,'一直有','',6),(921,5,20.00,'从来没有','',6),(922,5,15.00,'1次','',6),(923,5,10.00,'2次','',6),(924,5,5.00,'3次','',6),(925,5,0.00,'4次或更多次','',6),(946,2,20.00,'根本没有','',6),(947,2,15.00,'1~2次','',6),(948,2,10.00,'每周1次','',6),(949,2,5.00,'任一周2~3次','',6),(950,2,0.00,'任一周4次或更多次','',6),(951,3,20.00,'根本没有','',6),(952,3,15.00,'轻微','',6),(953,3,10.00,'中等','',6),(954,3,5.00,'大','',6),(955,3,0.00,'极大','',6),(956,4,20.00,'根本没有','',6),(957,4,15.00,'1~2次','',6),(958,4,10.00,'每周1次','',6),(959,4,5.00,'任一周2~3次','',6),(960,4,0.00,'任一周4次或更多次','',6),(961,1,20.00,'根本没有','',6),(962,1,15.00,'1~2次','',6),(963,1,10.00,'每周1次','',6),(964,1,5.00,'任一周2~3次','',6),(965,1,0.00,'任一周4次或更多次','',6),(977,170,0.00,'很差','img/survey/choice1.png',6),(978,170,1.00,'差','img/survey/choice2.png',6),(979,170,2.00,'好','img/survey/choice3.png',6),(980,170,3.00,'很好','img/survey/choice4.png',6),(981,171,0.00,'这是个大问题，我不能做我想的事','img/survey/choice1.png',6),(982,171,1.00,'这是个问题，我不喜欢它','img/survey/choice2.png',6),(983,171,2.00,'这是个小问题，但我能应付','img/survey/choice3.png',6),(984,171,3.00,'没问题','img/survey/choice4.png',6),(985,172,0.00,'会，一直都会','img/survey/choice1.png',6),(986,172,1.00,'会，大部分时间会','img/survey/choice2.png',6),(987,172,2.00,'会，有些时间会','img/survey/choice3.png',6),(988,172,3.00,'从来不会','img/survey/choice4.png',6),(989,173,0.00,'会，所有时间都会','img/survey/choice1.png',6),(990,173,1.00,'会，大部分时间会','img/survey/choice2.png',6),(991,173,2.00,'会，有些时间会','img/survey/choice3.png',6),(992,173,3.00,'从来不会','img/survey/choice4.png',6),(993,174,5.00,'没有','',6),(994,174,4.00,'1-3天','',6),(995,174,3.00,'4-10天','',6),(996,174,2.00,'11-18天','',6),(997,174,1.00,'19-24天','',6),(998,174,0.00,'每天','',6),(999,175,5.00,'没有','',6),(1000,175,4.00,'1-3天','',6),(1001,175,3.00,'4-10天','',6),(1002,175,2.00,'11-18天','',6),(1003,175,1.00,'19-24天','',6),(1004,175,0.00,'每天','',6),(1005,176,5.00,'没有','',6),(1006,176,4.00,'1-3天','',6),(1007,176,3.00,'4-10天','',6),(1008,176,2.00,'11-18天','',6),(1009,176,1.00,'19-24天','',6),(1010,176,0.00,'每天','',6),(1179,72,0.00,'0 没有影响',NULL,6),(1180,72,1.00,'1',NULL,6),(1181,72,2.00,'2',NULL,6),(1182,72,3.00,'3',NULL,6),(1183,72,4.00,'4',NULL,6),(1184,72,5.00,'5',NULL,6),(1185,72,6.00,'6',NULL,6),(1186,72,7.00,'7',NULL,6),(1187,72,8.00,'8',NULL,6),(1188,72,9.00,'9',NULL,6),(1189,72,10.00,'10 严重影响',NULL,6),(1190,73,0.00,'0 没有影响',NULL,6),(1191,73,1.00,'1',NULL,6),(1192,73,2.00,'2',NULL,6),(1193,73,3.00,'3',NULL,6),(1194,73,4.00,'4',NULL,6),(1195,73,5.00,'5',NULL,6),(1196,73,6.00,'6',NULL,6),(1197,73,7.00,'7',NULL,6),(1198,73,8.00,'8',NULL,6),(1199,73,9.00,'9',NULL,6),(1200,73,10.00,'10 严重影响',NULL,6),(1232,129,0.00,'0 无影响',NULL,6),(1233,129,1.00,'1',NULL,6),(1234,129,2.00,'2',NULL,6),(1235,129,3.00,'3',NULL,6),(1236,129,5.00,'5',NULL,6),(1237,129,6.00,'6',NULL,6),(1238,129,7.00,'7',NULL,6),(1239,129,8.00,'8',NULL,6),(1240,129,9.00,'9',NULL,6),(1241,129,10.00,'10 非常严重的影响',NULL,6),(1242,130,0.00,'0 无影响',NULL,6),(1243,130,1.00,'1',NULL,6),(1244,130,2.00,'2',NULL,6),(1245,130,3.00,'3',NULL,6),(1246,130,5.00,'5',NULL,6),(1247,130,6.00,'6',NULL,6),(1248,130,7.00,'7',NULL,6),(1249,130,8.00,'8',NULL,6),(1250,130,9.00,'9',NULL,6),(1251,130,10.00,'10 非常严重的影响',NULL,6),(1274,164,0.00,'从来没有',NULL,6),(1275,164,0.00,'几乎没有',NULL,6),(1276,164,0.00,'有时候会有',NULL,6),(1277,164,0.00,'经常有',NULL,6),(1278,164,0.00,'一直有',NULL,6),(1279,9,1.50,'1-2次',NULL,6),(1280,9,3.50,'3-4次',NULL,6),(1281,9,6.00,'5-7次',NULL,6),(1282,9,9.00,'8-10次',NULL,6),(1283,9,15.00,'11次以上',NULL,6),(1284,9,20.00,'20次以上',NULL,6),(1285,10,0.00,'0次',NULL,6),(1286,10,1.00,'1次',NULL,6),(1287,10,2.00,'2次',NULL,6),(1288,10,3.00,'3次',NULL,6),(1289,10,4.00,'5次',NULL,6),(1290,10,8.00,'6次以上',NULL,6),(1291,10,10.00,'10次以上',NULL,6),(1292,11,0.00,'0次',NULL,6),(1293,11,1.00,'1次',NULL,6),(1294,11,2.00,'2次',NULL,6),(1295,11,3.00,'3次',NULL,6),(1296,11,4.00,'4次',NULL,6),(1297,11,5.00,'5次',NULL,6),(1298,11,8.00,'6次以上',NULL,6),(1299,11,10.00,'10次以上',NULL,6),(1300,12,0.00,'0次',NULL,6),(1301,12,1.00,'1次',NULL,6),(1302,12,2.00,'2次',NULL,6),(1303,12,3.00,'3次',NULL,6),(1304,12,4.00,'4次',NULL,6),(1305,12,5.00,'5次',NULL,6),(1306,12,8.00,'6次以上',NULL,6),(1307,12,10.00,'10次以上',NULL,6),(1308,13,1.00,'感冒、气管炎、肺炎等呼吸道疾病诱发气喘',NULL,6),(1309,13,2.00,'吸入冷空气诱发气喘 ',NULL,6),(1310,13,3.00,'季节转换，尤其是秋冬季或春季出现气喘',NULL,6),(1311,13,4.00,'空气污染，当PM2.5浓度增高或明显雾霾天气诱发气喘',NULL,6),(1312,13,5.00,'运动，跑步、上楼、登山等运动后出现咳嗽/气喘',NULL,6),(1313,13,6.00,'尘螨，日常生活中进入有地毯的环境、接触到羽毛枕或灰尘、家中大扫除、进入空调 房间就会打喷嚏/咳嗽 ',NULL,6),(1314,13,7.00,'花粉，外出吸入柳絮或其他植物出现咳嗽/气喘',NULL,6),(1315,13,8.00,'动物变应原，接触宠物后出现打喷嚏/咳嗽',NULL,6),(1316,13,9.00,'日常生活中吸入刺激性或有害气体，如烟草、烟雾、异味出现打喷嚏/咳嗽/气喘',NULL,6),(1317,13,10.00,'食物因素，吃海鲜、芒果等可疑的食物诱发气喘',NULL,6),(1318,13,11.00,'精神因素，情绪变化、受到家长或老师的指责出现不愉快的心境时可能会诱发气喘',NULL,6),(1319,13,0.00,'说不清楚',NULL,6),(1320,14,1.00,'雾化吸入治疗或气雾剂吸入治疗（万托林，沙丁胺醇）可以使气喘得到缓解',NULL,6),(1321,14,2.00,'口服支气管扩张剂可以使气喘得到缓解，比如：美普清、爱纳灵、易坦静、舒喘灵、博利康尼',NULL,6),(1322,14,3.00,'每次都需要补液才能缓解气喘症状',NULL,6),(1323,14,4.00,'目前的所有治疗（包括雾化、口服、补液）都很难有效缓解气喘症状',NULL,6),(1324,14,5.00,'不需要药物，可以自行缓解',NULL,6),(1325,14,0.00,'说不清楚',NULL,6),(1326,15,1.00,'是',NULL,6),(1327,15,0.00,'否',NULL,6),(1328,16,1.00,'是',NULL,6),(1329,16,0.00,'否',NULL,6),(1330,17,1.00,'是',NULL,6),(1331,17,0.00,'否',NULL,6),(1332,18,1.00,'特应性皮炎或荨麻疹',NULL,6),(1333,18,2.00,'过敏性鼻炎',NULL,6),(1334,18,3.00,'哮喘',NULL,6),(1335,18,0.00,'无',NULL,6),(1336,19,1.00,'特应性皮炎或荨麻疹 ',NULL,6),(1337,19,2.00,'过敏性鼻炎',NULL,6),(1338,19,3.00,'哮喘',NULL,6),(1339,19,0.00,'无',NULL,6),(1340,20,0.00,'否',NULL,6),(1341,20,0.50,'< 1支 / 天',NULL,6),(1342,20,3.00,'1-5 支 / 天',NULL,6),(1343,20,5.00,'> 5 支 / 天',NULL,6),(1344,35,0.00,'无',NULL,6),(1345,35,0.50,'< 1小时 / 天',NULL,6),(1346,35,3.00,'1 - 4小时 / 天',NULL,6),(1347,35,6.00,'4 - 8小时 / 天',NULL,6),(1348,35,8.00,'> 8小时 / 天',NULL,6),(1349,21,1.00,'是',NULL,6),(1350,21,0.00,'否',NULL,6),(1351,22,1.00,'是',NULL,6),(1352,22,0.00,'否',NULL,6),(1353,23,1.00,'是',NULL,6),(1354,23,0.00,'否',NULL,6),(1355,24,0.00,'0次',NULL,6),(1356,24,1.00,'1次',NULL,6),(1357,24,2.00,'2次',NULL,6),(1358,24,3.00,'3次',NULL,6),(1359,24,4.00,'4次',NULL,6),(1360,24,5.00,'5次',NULL,6),(1361,24,8.00,'6次以上',NULL,6),(1362,24,10.00,'10次以上',NULL,6),(1363,36,0.00,'0次',NULL,6),(1364,36,1.50,'1-2次',NULL,6),(1365,36,3.50,'3-4次',NULL,6),(1366,36,5.50,'5-6次',NULL,6),(1367,36,7.50,'7-8次',NULL,6),(1368,36,9.50,'9-10次',NULL,6),(1369,36,11.00,'11次以上',NULL,6),(1370,25,0.00,'0天',NULL,6),(1371,25,4.00,'1-7天',NULL,6),(1372,25,11.00,'8-14天',NULL,6),(1373,25,18.00,'15-21天',NULL,6),(1374,25,25.00,'22-28天',NULL,6),(1375,25,30.00,'1月以上',NULL,6),(1376,25,60.00,'2月以上',NULL,6),(1377,27,0.00,'0天',NULL,6),(1378,27,4.00,'1-7天',NULL,6),(1379,27,11.00,'8-14天',NULL,6),(1380,27,18.00,'15-21天',NULL,6),(1381,27,25.00,'22-28天',NULL,6),(1382,27,30.00,'1月以上',NULL,6),(1383,27,60.00,'2月以上',NULL,6),(1384,28,0.50,'30分钟内',NULL,6),(1385,28,0.75,'30分钟-1小时',NULL,6),(1386,28,1.50,'1-2小时',NULL,6),(1387,28,2.50,'2-3小时',NULL,6),(1388,28,3.50,'3-4小时',NULL,6),(1389,28,4.50,'4-5小时',NULL,6),(1390,28,5.50,'5-6小时',NULL,6),(1391,28,6.50,'6-7小时',NULL,6),(1392,28,7.50,'7-8小时',NULL,6),(1393,28,8.00,'8小时以上',NULL,6),(1394,29,1000.00,'1000元以下',NULL,6),(1395,29,1500.00,'1000-1999元',NULL,6),(1396,29,3500.00,'2000-4999元',NULL,6),(1397,29,7500.00,'5000-9999元',NULL,6),(1398,29,15000.00,'10000-19999元',NULL,6),(1399,29,25000.00,'20000-29999元',NULL,6),(1400,29,40000.00,'30000-49999元',NULL,6),(1401,29,50000.00,'50000元以上',NULL,6),(1402,37,0.00,'0 无影响',NULL,6),(1403,37,1.00,'1',NULL,6),(1404,37,2.00,'2',NULL,6),(1405,37,3.00,'3',NULL,6),(1406,37,4.00,'4',NULL,6),(1407,37,5.00,'5',NULL,6),(1408,37,6.00,'6',NULL,6),(1409,37,7.00,'7',NULL,6),(1410,37,8.00,'8',NULL,6),(1411,37,9.00,'9',NULL,6),(1412,37,10.00,'10严重影响',NULL,6),(1413,33,1.00,'< 1万/年',NULL,6),(1414,33,2.00,'1万～3万/年',NULL,6),(1415,33,4.00,'3万～5万/年',NULL,6),(1416,33,7.50,'5万～10万/年',NULL,6),(1417,33,12.50,'10万～15万/年',NULL,6),(1418,33,22.50,'15万～30万/年',NULL,6),(1419,33,65.00,'30～100万/年',NULL,6),(1420,33,100.00,'≥100万/年',NULL,6),(1421,48,1.50,'1-2次',NULL,6),(1422,48,3.50,'3-4次',NULL,6),(1423,48,6.00,'5-7次',NULL,6),(1424,48,9.00,'8-10次',NULL,6),(1425,48,15.00,'11次以上',NULL,6),(1426,48,20.00,'20次以上',NULL,6),(1427,49,0.00,'0次',NULL,6),(1428,49,1.00,'1次',NULL,6),(1429,49,2.00,'2次',NULL,6),(1430,49,3.00,'3次',NULL,6),(1431,49,4.00,'4次',NULL,6),(1432,49,5.00,'5次',NULL,6),(1433,49,8.00,'6次以上',NULL,6),(1434,49,10.00,'10次以上',NULL,6),(1435,50,0.00,'0次',NULL,6),(1436,50,1.00,'1次',NULL,6),(1437,50,2.00,'2次',NULL,6),(1438,50,3.00,'3次',NULL,6),(1439,50,4.00,'4次',NULL,6),(1440,50,5.00,'5次',NULL,6),(1441,50,8.00,'6次以上',NULL,6),(1442,50,10.00,'10次以上',NULL,6),(1443,51,0.00,'0次',NULL,6),(1444,51,1.00,'1次',NULL,6),(1445,51,2.00,'2次',NULL,6),(1446,51,3.00,'3次',NULL,6),(1447,51,4.00,'4次',NULL,6),(1448,51,5.00,'5次',NULL,6),(1449,51,8.00,'6次以上',NULL,6),(1450,51,10.00,'10次以上',NULL,6),(1451,52,1.00,'感冒、气管炎、肺炎等呼吸道疾病诱发气喘',NULL,6),(1452,52,2.00,'吸入冷空气诱发气喘 ',NULL,6),(1453,52,3.00,'季节转换，尤其是秋冬季或春季出现气喘 ',NULL,6),(1454,52,4.00,'空气污染，当PM2.5浓度增高或明显雾霾天气诱发气喘 ',NULL,6),(1455,52,5.00,'运动，跑步、上楼、登山等运动后出现咳嗽/气喘',NULL,6),(1456,52,6.00,'尘螨，日常生活中进入有地毯的环境、接触到羽毛枕或灰尘、家中大扫除、进入空调 房间就会打喷嚏/咳嗽',NULL,6),(1457,52,7.00,'花粉，外出吸入柳絮或其他植物出现咳嗽/气喘',NULL,6),(1458,52,8.00,'动物变应原，接触宠物后出现打喷嚏/咳嗽',NULL,6),(1459,52,9.00,'日常生活中吸入刺激性或有害气体，如烟草、烟雾、异味出现打喷嚏/咳嗽/气喘',NULL,6),(1460,52,10.00,'食物因素，吃海鲜、芒果等可疑的食物诱发气喘',NULL,6),(1461,52,11.00,'精神因素，情绪变化、受到家长或老师的指责出现不愉快的心境时可能会诱发气喘',NULL,6),(1462,52,0.00,'说不清楚',NULL,6),(1463,53,1.00,'雾化吸入治疗或气雾剂吸入治疗（万托林，沙丁胺醇）可以使气喘得到缓解',NULL,6),(1464,53,2.00,'口服支气管扩张剂可以使气喘得到缓解，比如：美普清、爱纳灵、易坦静、舒喘灵、博利康尼',NULL,6),(1465,53,3.00,'每次都需要补液才能缓解气喘症状',NULL,6),(1466,53,4.00,'目前的所有治疗（包括雾化、口服、补液）都很难有效缓解气喘症状',NULL,6),(1467,53,5.00,'不需要药物，可以自行缓解',NULL,6),(1468,53,0.00,'说不清楚',NULL,6),(1469,54,1.00,'是',NULL,6),(1470,54,0.00,'否',NULL,6),(1471,55,1.00,'是',NULL,6),(1472,55,0.00,'否',NULL,6),(1473,56,1.00,'是',NULL,6),(1474,56,0.00,'否',NULL,6),(1475,57,1.00,'特应性皮炎或荨麻疹',NULL,6),(1476,57,2.00,'过敏性鼻炎',NULL,6),(1477,57,3.00,'哮喘',NULL,6),(1478,57,0.00,'无',NULL,6),(1479,58,1.00,'特应性皮炎或荨麻疹',NULL,6),(1480,58,2.00,'过敏性鼻炎',NULL,6),(1481,58,3.00,'哮喘',NULL,6),(1482,58,0.00,'无',NULL,6),(1483,59,0.00,'无',NULL,6),(1484,59,1.00,'<1支/天',NULL,6),(1485,59,3.00,'1-5支/天',NULL,6),(1486,59,5.00,'>5支/天',NULL,6),(1487,60,0.00,'无',NULL,6),(1488,60,1.00,'< 1小时/天',NULL,6),(1489,60,2.50,'1-4 小时/天',NULL,6),(1490,60,6.00,'4-8 小时/天',NULL,6),(1491,60,8.00,'> 8小时/天',NULL,6),(1492,61,1.00,'是',NULL,6),(1493,61,0.00,'否',NULL,6),(1494,62,1.00,'是',NULL,6),(1495,62,0.00,'否',NULL,6),(1496,63,1.00,'是',NULL,6),(1497,63,0.00,'否',NULL,6),(1498,64,0.00,'0次',NULL,6),(1499,64,1.00,'1次',NULL,6),(1500,64,2.00,'2次',NULL,6),(1501,64,3.00,'3次',NULL,6),(1502,64,4.00,'4次',NULL,6),(1503,64,5.00,'5次',NULL,6),(1504,64,8.00,'6次以上',NULL,6),(1505,64,10.00,'10次以上',NULL,6),(1506,65,0.00,'0次',NULL,6),(1507,65,1.50,'1-2次',NULL,6),(1508,65,3.50,'3-4次',NULL,6),(1509,65,5.50,'5-6次',NULL,6),(1510,65,7.50,'7-8次',NULL,6),(1511,65,9.50,'9-10次',NULL,6),(1512,65,11.00,'11次以上',NULL,6),(1513,66,0.00,'0天',NULL,6),(1514,66,4.00,'1-7天',NULL,6),(1515,66,11.00,'8-14天',NULL,6),(1516,66,18.00,'15-21天',NULL,6),(1517,66,25.00,'22-28天',NULL,6),(1518,66,30.00,'1月以上',NULL,6),(1519,66,60.00,'2月以上',NULL,6),(1520,67,0.00,'0天',NULL,6),(1521,67,4.00,'1-7天',NULL,6),(1522,67,11.00,'8-14天',NULL,6),(1523,67,18.00,'15-21天',NULL,6),(1524,67,25.00,'22-28天',NULL,6),(1525,67,30.00,'1月以上',NULL,6),(1526,67,60.00,'2月以上',NULL,6),(1527,69,0.00,'0天',NULL,6),(1528,69,4.00,'1-7天',NULL,6),(1529,69,11.00,'8-14天',NULL,6),(1530,69,18.00,'15-21天',NULL,6),(1531,69,25.00,'22-28天',NULL,6),(1532,69,30.00,'1月以上',NULL,6),(1533,69,60.00,'2月以上',NULL,6),(1534,70,0.50,'30分钟内',NULL,6),(1535,70,0.75,'30分钟-1小时',NULL,6),(1536,70,1.50,'1-2小时',NULL,6),(1537,70,2.50,'2-3小时',NULL,6),(1538,70,3.50,'3-4小时',NULL,6),(1539,70,4.50,'4-5小时',NULL,6),(1540,70,5.50,'5-6小时',NULL,6),(1541,70,6.50,'6-7小时',NULL,6),(1542,70,7.50,'7-8小时',NULL,6),(1543,70,8.00,'8小时以上',NULL,6),(1544,71,1000.00,'1000元以下',NULL,6),(1545,71,1500.00,'1000-1999元',NULL,6),(1546,71,3500.00,'2000-4999元',NULL,6),(1547,71,7500.00,'5000-9999元',NULL,6),(1548,71,15000.00,'10000-19999元',NULL,6),(1549,71,25000.00,'20000-29999元',NULL,6),(1550,71,40000.00,'30000-49999元',NULL,6),(1551,71,50000.00,'50000元以上',NULL,6),(1552,74,1.00,'母亲',NULL,6),(1553,74,2.00,'父亲',NULL,6),(1554,74,3.00,'祖父母（外祖父母）',NULL,6),(1555,74,4.00,'保姆',NULL,6),(1556,74,5.00,'其他',NULL,6),(1557,75,1.00,'小学及初中',NULL,6),(1558,75,2.00,'高中或中专 ',NULL,6),(1559,75,3.00,'大专及本科 ',NULL,6),(1560,75,4.00,'硕士及以上',NULL,6),(1561,76,1.00,'小学及初中',NULL,6),(1562,76,2.00,'高中或中专 ',NULL,6),(1563,76,3.00,'大专及本科',NULL,6),(1564,76,4.00,'硕士及以上',NULL,6),(1565,77,1.00,'< 1万/年',NULL,6),(1566,77,2.00,'1万～3万/年',NULL,6),(1567,77,4.00,'3万～5万/年',NULL,6),(1568,77,7.50,'5万～10万/年',NULL,6),(1569,77,12.50,'10万～15万/年',NULL,6),(1570,77,22.50,'15万～30万/年',NULL,6),(1571,77,65.00,'30～100万/年',NULL,6),(1572,77,100.00,'≥100万/年',NULL,6),(1573,81,0.00,'0次',NULL,6),(1574,81,1.00,'1次',NULL,6),(1575,81,2.00,'2次',NULL,6),(1576,81,3.00,'3次',NULL,6),(1577,81,4.00,'4次',NULL,6),(1578,81,5.00,'5次',NULL,6),(1579,81,8.00,'6次以上',NULL,6),(1580,81,10.00,'10次以上',NULL,6),(1581,82,0.00,'0次',NULL,6),(1582,82,1.00,'1次',NULL,6),(1583,82,2.00,'2次',NULL,6),(1584,82,3.00,'3次',NULL,6),(1585,82,4.00,'4次',NULL,6),(1586,82,5.00,'5次',NULL,6),(1587,82,8.00,'6次以上',NULL,6),(1588,82,10.00,'10次以上',NULL,6),(1589,83,0.00,'0次',NULL,6),(1590,83,1.00,'1次',NULL,6),(1591,83,2.00,'2次',NULL,6),(1592,83,3.00,'3次',NULL,6),(1593,83,4.00,'4次',NULL,6),(1594,83,5.00,'5次',NULL,6),(1595,83,8.00,'6次以上',NULL,6),(1596,83,10.00,'10次以上',NULL,6),(1597,84,0.00,'0次',NULL,6),(1598,84,1.00,'1次',NULL,6),(1599,84,2.00,'2次',NULL,6),(1600,84,3.00,'3次',NULL,6),(1601,84,4.00,'4次',NULL,6),(1602,84,5.00,'5次',NULL,6),(1603,84,8.00,'6次以上',NULL,6),(1604,84,10.00,'10次以上',NULL,6),(1605,85,0.00,'0天',NULL,6),(1606,85,2.00,'1-3天',NULL,6),(1607,85,5.50,'4-7天',NULL,6),(1608,85,11.00,'8-14天',NULL,6),(1609,85,18.00,'15-21天',NULL,6),(1610,85,25.00,'22-28天',NULL,6),(1611,87,0.00,'0天',NULL,6),(1612,87,2.00,'1-3天',NULL,6),(1613,87,5.50,'4-7天',NULL,6),(1614,87,11.00,'8-14天',NULL,6),(1615,87,18.00,'15-21天',NULL,6),(1616,87,25.00,'22-28天',NULL,6),(1617,88,0.00,'0天',NULL,6),(1618,88,2.00,'1-3天',NULL,6),(1619,88,5.50,'4-7天',NULL,6),(1620,88,11.00,'8-14天',NULL,6),(1621,88,18.00,'15-21天',NULL,6),(1622,88,25.00,'22-28天',NULL,6),(1623,89,0.00,'0天',NULL,6),(1624,89,2.00,'1-3天',NULL,6),(1625,89,5.50,'4-7天',NULL,6),(1626,89,11.00,'8-14天',NULL,6),(1627,89,18.00,'15-21天',NULL,6),(1628,89,25.00,'22-28天',NULL,6),(1629,90,1.00,'是',NULL,6),(1630,90,0.00,'否',NULL,6),(1631,91,1.00,'是',NULL,6),(1632,91,0.00,'否',NULL,6),(1633,92,1.00,'是',NULL,6),(1634,92,0.00,'否',NULL,6),(1635,93,1.00,'是',NULL,6),(1636,93,0.00,'否',NULL,6),(1637,94,1.00,'是',NULL,6),(1638,94,0.00,'否',NULL,6),(1639,96,1.00,'是',NULL,6),(1640,96,0.00,'否',NULL,6),(1641,95,1.00,'是',NULL,6),(1642,95,0.00,'否',NULL,6),(1645,98,1.00,'是',NULL,6),(1646,98,0.00,'否',NULL,6),(1647,97,1.00,'是',NULL,6),(1648,97,0.00,'否',NULL,6),(1649,99,1.00,'是',NULL,6),(1650,99,0.00,'否',NULL,6),(1651,100,0.50,'30分钟内',NULL,6),(1652,100,0.75,'30分钟-1小时',NULL,6),(1653,100,1.50,'1-2小时',NULL,6),(1654,100,2.50,'2-3小时',NULL,6),(1655,100,3.50,'3-4小时',NULL,6),(1656,100,4.50,'4-5小时',NULL,6),(1657,100,5.50,'5-6小时',NULL,6),(1658,100,6.50,'6-7小时',NULL,6),(1659,100,7.50,'7-8小时',NULL,6),(1660,100,8.00,'8小时以上',NULL,6),(1661,101,0.00,'0元',NULL,6),(1662,101,25.00,'1-49元',NULL,6),(1663,101,75.00,'50-99元',NULL,6),(1664,101,150.00,'100-199元',NULL,6),(1665,101,350.00,'200-499元',NULL,6),(1666,101,750.00,'500-999元',NULL,6),(1667,101,1500.00,'1000-1999元',NULL,6),(1668,101,2500.00,'2000-2999元',NULL,6),(1669,101,4000.00,'3000-4999元',NULL,6),(1670,101,5000.00,'5000元以上',NULL,6),(1671,102,0.00,'无异常现象',NULL,6),(1672,102,1.00,'皮疹',NULL,6),(1673,102,2.00,'遗尿',NULL,6),(1674,102,3.00,'兴奋，脾气暴躁',NULL,6),(1675,102,4.00,'声音嘶哑',NULL,6),(1676,102,5.00,'口腔霉菌感染',NULL,6),(1677,102,6.00,'药物相关的咳嗽',NULL,6),(1678,102,7.00,'心跳增快',NULL,6),(1679,102,8.00,'心率失常',NULL,6),(1680,102,9.00,'肌肉抖动或抽动',NULL,6),(1681,102,10.00,'身高生长速率减慢',NULL,6),(1682,102,11.00,'口唇或小腿处明显汗毛',NULL,6),(1683,102,12.00,'肥胖',NULL,6),(1684,103,1.00,'一直坚持用药，忽略此题',NULL,6),(1685,103,2.00,'担心吸入激素不良反应',NULL,6),(1686,103,3.00,'哮喘发作或病重时才用就可以',NULL,6),(1687,103,4.00,'药物使用有效，说明病情已经控制或痊愈',NULL,6),(1688,103,5.00,'不重视或因为各种原因遗忘',NULL,6),(1689,103,6.00,'居住环境改变，发作减少后自行停药',NULL,6),(1690,103,7.00,'经济原因',NULL,6),(1691,103,8.00,'迁往外地，无医疗条件',NULL,6),(1692,103,9.00,'孩子拒绝吸入或不配合',NULL,6),(1693,103,10.00,'就医困难，配不到药',NULL,6),(1694,103,11.00,'医生指导下，认为可以停药',NULL,6),(1695,104,0.00,'未进行脱敏治疗',NULL,6),(1696,104,1.00,'进行脱敏治疗，但由于种种原因未坚持',NULL,6),(1697,104,2.00,'进行脱敏治疗，鼻炎或哮喘都得以很好控制',NULL,6),(1698,104,3.00,'进行脱敏治疗，哮喘得以很好控制，但鼻炎似乎很难感觉到疗效',NULL,6),(1699,104,4.00,'进行脱敏治疗，哮喘和鼻炎都未控制，几乎无效',NULL,6),(1700,104,5.00,'进行脱敏治疗，很难做出评价',NULL,6),(1701,112,0.00,'0次',NULL,6),(1702,112,1.00,'1次',NULL,6),(1703,112,2.00,'2次',NULL,6),(1704,112,3.00,'3次',NULL,6),(1705,112,4.00,'4次',NULL,6),(1706,112,5.00,'5次',NULL,6),(1707,112,8.00,'6次以上',NULL,6),(1708,112,10.00,'10次以上',NULL,6),(1709,113,0.00,'0次',NULL,6),(1710,113,1.00,'1次',NULL,6),(1711,113,2.00,'2次',NULL,6),(1712,113,3.00,'3次',NULL,6),(1713,113,4.00,'4次',NULL,6),(1714,113,5.00,'5次',NULL,6),(1715,113,8.00,'6次',NULL,6),(1716,113,10.00,'10次',NULL,6),(1717,114,0.00,'0次',NULL,6),(1718,114,1.00,'1次',NULL,6),(1719,114,2.00,'2次',NULL,6),(1720,114,3.00,'3次',NULL,6),(1721,114,4.00,'4次',NULL,6),(1722,114,5.00,'5次',NULL,6),(1723,114,8.00,'6次',NULL,6),(1724,114,10.00,'10次以上',NULL,6),(1725,115,0.00,'0次',NULL,6),(1726,115,1.00,'1次',NULL,6),(1727,115,2.00,'2次',NULL,6),(1728,115,3.00,'3次',NULL,6),(1729,115,4.00,'4次',NULL,6),(1730,115,5.00,'5次',NULL,6),(1731,115,8.00,'6次',NULL,6),(1732,115,10.00,'10次',NULL,6),(1733,117,0.00,'0天',NULL,6),(1734,117,2.00,'1-3天',NULL,6),(1735,117,5.50,'4-7天',NULL,6),(1736,117,11.00,'8-14天',NULL,6),(1737,117,18.00,'15-21天',NULL,6),(1738,117,25.00,'22-28天 ',NULL,6),(1739,118,0.00,'0天',NULL,6),(1740,118,2.00,'1-3天',NULL,6),(1741,118,5.50,'4-7天',NULL,6),(1742,118,11.00,'8-14天',NULL,6),(1743,118,18.00,'15-21天',NULL,6),(1744,118,25.00,'22-28天',NULL,6),(1745,119,0.00,'0天',NULL,6),(1746,119,2.00,'1-3天',NULL,6),(1747,119,5.50,'4-7天',NULL,6),(1748,119,11.00,'8-14天',NULL,6),(1749,119,18.00,'15-21天',NULL,6),(1750,119,25.00,'22-28天',NULL,6),(1751,120,0.00,'0天',NULL,6),(1752,120,2.00,'1-3天',NULL,6),(1753,120,5.50,'4-7天',NULL,6),(1754,120,11.00,'8-14天',NULL,6),(1755,120,18.00,'15-21天',NULL,6),(1756,120,25.00,'22-28天',NULL,6),(1757,121,1.00,'是',NULL,6),(1758,121,0.00,'否',NULL,6),(1759,122,1.00,'是',NULL,6),(1760,122,0.00,'否',NULL,6),(1761,123,1.00,'是',NULL,6),(1762,123,0.00,'否',NULL,6),(1763,124,1.00,'是',NULL,6),(1764,124,0.00,'否',NULL,6),(1765,125,1.00,'是',NULL,6),(1766,125,0.00,'否',NULL,6),(1767,177,1.00,'是',NULL,6),(1768,177,0.00,'否',NULL,6),(1769,126,1.00,'是',NULL,6),(1770,126,0.00,'否',NULL,6),(1771,178,1.00,'是',NULL,6),(1772,178,0.00,'否',NULL,6),(1773,127,1.00,'是',NULL,6),(1774,127,0.00,'否',NULL,6),(1775,128,1.00,'是',NULL,6),(1776,128,0.00,'否',NULL,6),(1777,131,0.50,'30分钟内',NULL,6),(1778,131,0.75,'30分钟-1小时',NULL,6),(1779,131,1.50,'1-2小时',NULL,6),(1780,131,2.50,'2-3小时',NULL,6),(1781,131,3.50,'3-4小时',NULL,6),(1782,131,4.50,'4-5小时',NULL,6),(1783,131,5.50,'5-6小时',NULL,6),(1784,131,6.50,'6-7小时',NULL,6),(1785,131,7.50,'7-8小时',NULL,6),(1786,131,8.00,'8小时以上',NULL,6),(1787,132,0.00,'0元',NULL,6),(1788,132,25.00,'1-49元',NULL,6),(1789,132,75.00,'50-99元',NULL,6),(1790,132,150.00,'100-199元 ',NULL,6),(1791,132,350.00,'200-499元',NULL,6),(1792,132,750.00,'500-999元',NULL,6),(1793,132,1500.00,'1000-1999元',NULL,6),(1794,132,2500.00,'2000-2999元',NULL,6),(1795,132,4000.00,'3000-4999元',NULL,6),(1796,132,5000.00,'5000元以上',NULL,6),(1797,133,0.00,'无异常现象 ',NULL,6),(1798,133,1.00,'皮疹 ',NULL,6),(1799,133,2.00,'遗尿',NULL,6),(1800,133,3.00,'兴奋，脾气暴躁',NULL,6),(1801,133,4.00,'声音嘶哑',NULL,6),(1802,133,5.00,'口腔霉菌感染',NULL,6),(1803,133,6.00,'药物相关的咳嗽',NULL,6),(1804,133,7.00,'心跳增快',NULL,6),(1805,133,8.00,'心率失常',NULL,6),(1806,133,9.00,'肌肉抖动或抽动',NULL,6),(1807,133,10.00,'身高生长速率减慢',NULL,6),(1808,133,11.00,'口唇或小腿处明显汗毛',NULL,6),(1809,133,12.00,'肥胖',NULL,6),(1810,134,1.00,'一直坚持用药，忽略此题',NULL,6),(1811,134,2.00,'担心吸入激素不良反应',NULL,6),(1812,134,3.00,'哮喘发作或病重时才用就可以',NULL,6),(1813,134,4.00,'药物使用有效，说明病情已经控制或痊愈',NULL,6),(1814,134,5.00,'不重视或因为各种原因遗忘',NULL,6),(1815,134,6.00,'居住环境改变，发作减少后自行停药',NULL,6),(1816,134,7.00,'经济原因',NULL,6),(1817,134,8.00,'迁往外地，无医疗条件',NULL,6),(1818,134,9.00,'孩子拒绝吸入或不配合',NULL,6),(1819,134,10.00,'就医困难，配不到药',NULL,6),(1820,134,11.00,'医生指导下，认为可以停药',NULL,6),(1821,135,0.00,'未进行脱敏治疗 ',NULL,6),(1822,135,1.00,'进行脱敏治疗，但由于种种原因未坚持',NULL,6),(1823,135,2.00,'进行脱敏治疗，鼻炎或哮喘都得以很好控制',NULL,6),(1824,135,3.00,'进行脱敏治疗，哮喘得以很好控制，但鼻炎似乎很难感觉到疗效',NULL,6),(1825,135,4.00,'进行脱敏治疗，哮喘和鼻炎都未控制，几乎无效',NULL,6),(1826,135,5.00,'进行脱敏治疗，很难做出评价',NULL,6),(1827,38,0.00,'0 没有影响',NULL,6),(1828,38,1.00,'1',NULL,6),(1829,38,2.00,'2',NULL,6),(1830,38,3.00,'3',NULL,6),(1831,38,4.00,'4',NULL,6),(1832,38,5.00,'5',NULL,6),(1833,38,6.00,'6',NULL,6),(1834,38,7.00,'7',NULL,6),(1835,38,8.00,'8',NULL,6),(1836,38,9.00,'9',NULL,6),(1837,38,10.00,'10 严重影响',NULL,6);
/*!40000 ALTER TABLE `Choice` ENABLE KEYS */;
UNLOCK TABLES;

--
-- Table structure for table `ForfeitInfo`
--

DROP TABLE IF EXISTS `ForfeitInfo`;
/*!40101 SET @saved_cs_client     = @@character_set_client */;
/*!40101 SET character_set_client = utf8 */;
CREATE TABLE `ForfeitInfo` (
  `deliveryId` int(11) NOT NULL,
  `forfeit` double DEFAULT NULL,
  `isPay` int(2) DEFAULT '0',
  `aid` int(11) DEFAULT NULL,
  PRIMARY KEY (`deliveryId`),
  KEY `aid` (`aid`),
  CONSTRAINT `ForfeitInfo_ibfk_1` FOREIGN KEY (`deliveryId`) REFERENCES `deliveryInfo` (`deliveryId`) ON DELETE CASCADE,
  CONSTRAINT `ForfeitInfo_ibfk_2` FOREIGN KEY (`aid`) REFERENCES `doctor` (`aid`)
) ENGINE=InnoDB DEFAULT CHARSET=utf8;
/*!40101 SET character_set_client = @saved_cs_client */;

--
-- Dumping data for table `ForfeitInfo`
--

LOCK TABLES `ForfeitInfo` WRITE;
/*!40000 ALTER TABLE `ForfeitInfo` DISABLE KEYS */;
/*!40000 ALTER TABLE `ForfeitInfo` ENABLE KEYS */;
UNLOCK TABLES;

--
-- Table structure for table `Patient`
--

DROP TABLE IF EXISTS `Patient`;
/*!40101 SET @saved_cs_client     = @@character_set_client */;
/*!40101 SET character_set_client = utf8 */;
CREATE TABLE `Patient` (
  `patientId` varchar(255) NOT NULL,
  `pwd` varchar(64) DEFAULT NULL,
  `name` varchar(20) NOT NULL,
  `appID` varchar(28) DEFAULT NULL,
  `openID` varchar(50) NOT NULL,
  `uniqID` varchar(50) DEFAULT NULL,
  `outpatientID` varchar(50) DEFAULT NULL,
  `inpatientID` varchar(50) DEFAULT NULL,
  `sex` varchar(1) NOT NULL,
  `oldPatient` varchar(1) NOT NULL,
  `phone` varchar(20) DEFAULT NULL,
  `email` varchar(30) DEFAULT NULL,
  `birthday` datetime DEFAULT NULL,
  `createTime` datetime DEFAULT NULL,
  `patientTypeId` int(11) DEFAULT NULL,
  `planId` int(11) DEFAULT NULL,
  `addnDoctorId` int(11) DEFAULT NULL,
  `aid` int(11) DEFAULT NULL,
  PRIMARY KEY (`patientId`),
  UNIQUE KEY `openID` (`openID`),
  UNIQUE KEY `uniqID` (`uniqID`),
  UNIQUE KEY `outpatientID` (`outpatientID`),
  UNIQUE KEY `inpatientID` (`inpatientID`),
  KEY `patientTypeId` (`patientTypeId`),
  KEY `planId` (`planId`),
  KEY `aid` (`aid`),
  CONSTRAINT `Patient_ibfk_1` FOREIGN KEY (`patientTypeId`) REFERENCES `PatientType` (`patientTypeId`) ON DELETE SET NULL,
  CONSTRAINT `Patient_ibfk_2` FOREIGN KEY (`planId`) REFERENCES `Plan` (`planId`) ON DELETE SET NULL,
  CONSTRAINT `Patient_ibfk_3` FOREIGN KEY (`aid`) REFERENCES `doctor` (`aid`)
) ENGINE=InnoDB DEFAULT CHARSET=utf8;
/*!40101 SET character_set_client = @saved_cs_client */;

--
-- Dumping data for table `Patient`
--

LOCK TABLES `Patient` WRITE;
/*!40000 ALTER TABLE `Patient` DISABLE KEYS */;
/*!40000 ALTER TABLE `Patient` ENABLE KEYS */;
UNLOCK TABLES;

--
-- Table structure for table `PatientType`
--

DROP TABLE IF EXISTS `PatientType`;
/*!40101 SET @saved_cs_client     = @@character_set_client */;
/*!40101 SET character_set_client = utf8 */;
CREATE TABLE `PatientType` (
  `patientTypeId` int(11) NOT NULL,
  `patientTypeName` varchar(255) NOT NULL,
  PRIMARY KEY (`patientTypeId`)
) ENGINE=InnoDB DEFAULT CHARSET=utf8;
/*!40101 SET character_set_client = @saved_cs_client */;

--
-- Dumping data for table `PatientType`
--

LOCK TABLES `PatientType` WRITE;
/*!40000 ALTER TABLE `PatientType` DISABLE KEYS */;
INSERT INTO `PatientType` VALUES (1,'哮喘');
/*!40000 ALTER TABLE `PatientType` ENABLE KEYS */;
UNLOCK TABLES;

--
-- Table structure for table `Plan`
--

DROP TABLE IF EXISTS `Plan`;
/*!40101 SET @saved_cs_client     = @@character_set_client */;
/*!40101 SET character_set_client = utf8 */;
CREATE TABLE `Plan` (
  `planId` int(11) NOT NULL,
  `beginAge` int(2) DEFAULT '0',
  `endAge` int(2) NOT NULL,
  `oldPatient` int(1) DEFAULT NULL,
  `active` int(1) DEFAULT '1',
  `sex` varchar(1) DEFAULT '1',
  `patientTypeId` int(11) DEFAULT NULL,
  `aid` int(11) DEFAULT NULL,
  PRIMARY KEY (`planId`),
  KEY `patientTypeId` (`patientTypeId`),
  KEY `aid` (`aid`),
  CONSTRAINT `Plan_ibfk_1` FOREIGN KEY (`patientTypeId`) REFERENCES `PatientType` (`patientTypeId`) ON DELETE SET NULL,
  CONSTRAINT `Plan_ibfk_2` FOREIGN KEY (`aid`) REFERENCES `doctor` (`aid`)
) ENGINE=InnoDB DEFAULT CHARSET=utf8;
/*!40101 SET character_set_client = @saved_cs_client */;

--
-- Dumping data for table `Plan`
--

LOCK TABLES `Plan` WRITE;
/*!40000 ALTER TABLE `Plan` DISABLE KEYS */;
INSERT INTO `Plan` VALUES (1,0,1,1,1,'3',1,6),(2,0,1,2,1,'3',1,6),(3,0,1,3,1,'3',1,6),(4,2,4,1,1,'3',1,6),(5,2,4,2,1,'3',1,6),(6,2,4,3,1,'3',1,6),(7,5,99,1,1,'3',1,6),(8,5,99,2,1,'3',1,6),(9,5,99,3,1,'3',1,6);
/*!40000 ALTER TABLE `Plan` ENABLE KEYS */;
UNLOCK TABLES;

--
-- Table structure for table `Question`
--

DROP TABLE IF EXISTS `Question`;
/*!40101 SET @saved_cs_client     = @@character_set_client */;
/*!40101 SET character_set_client = utf8 */;
CREATE TABLE `Question` (
  `questionId` int(11) NOT NULL AUTO_INCREMENT,
  `sortId` int(11) NOT NULL,
  `surveyId` int(11) NOT NULL,
  `textChoice` int(1) DEFAULT '0',
  `questionContent` varchar(255) NOT NULL,
  `questionType` int(3) NOT NULL,
  `aid` int(11) NOT NULL,
  `startAge` int(2) DEFAULT '-1',
  `endAge` int(2) DEFAULT '-1',
  PRIMARY KEY (`questionId`),
  KEY `aid` (`aid`),
  KEY `surveyId` (`surveyId`),
  CONSTRAINT `Question_ibfk_1` FOREIGN KEY (`aid`) REFERENCES `doctor` (`aid`),
  CONSTRAINT `Question_ibfk_2` FOREIGN KEY (`surveyId`) REFERENCES `survey` (`surveyId`) ON DELETE CASCADE
) ENGINE=InnoDB AUTO_INCREMENT=179 DEFAULT CHARSET=utf8;
/*!40101 SET character_set_client = @saved_cs_client */;

--
-- Dumping data for table `Question`
--

LOCK TABLES `Question` WRITE;
/*!40000 ALTER TABLE `Question` DISABLE KEYS */;
INSERT INTO `Question` VALUES (1,1,1,0,'在过去4周内，孩子受到呼吸问题（如喘息、咳嗽或呼吸短促）的困扰有多频繁？',2,6,-1,-1),(2,2,1,0,'在过去4周内，孩子因呼吸问题（如喘息、咳嗽、呼吸短促）在晚上醒来有多频繁？',2,6,-1,-1),(3,3,1,0,'在过去4周内，孩子的呼吸问题（如喘息、咳嗽或呼吸短促）在多大程度上干扰其玩耍、上学或进行同龄儿童应该进行的平常活动的能力？',2,6,-1,-1),(4,4,1,0,'在过去3个月内，您需要使用快速缓解药物（特布他林、沙丁胺醇）来治疗孩子的呼吸问题（喘息、咳嗽、呼吸短促）有多频繁？',2,6,-1,-1),(5,5,1,0,'在过去12个月内，孩子需要全身糖皮质激素（口服泼尼松或泼尼松龙、注射甲泼尼龙或琥珀酸氢化可的松）或加用局部糖皮质激素（高剂量）来治疗其他药物无法控制的呼吸问题的频次？',2,6,-1,-1),(6,1,2,1,'您的孩子目前的身高（cm）',3,6,-1,-1),(7,2,2,1,'您的孩子目前的体重（kg）',3,6,-1,-1),(8,3,2,1,'您的孩子第一次出现喘息发作时的年龄？（如果是在1岁之内，请填写月龄）',3,6,-1,-1),(9,4,2,0,'您的孩子在开始长期规范化治疗或确诊为哮喘前共有几次喘息发作？',2,6,-1,-1),(10,5,2,0,'在既往哮喘发作中，出现明显气急、呼吸困难有几次？',2,6,-1,-1),(11,6,2,0,'在既往哮喘发作中，出现面色青紫，血氧饱和度明显下降，需要吸氧治疗有\n几次？',2,6,-1,-1),(12,7,2,0,'在既往哮喘发作中，出现呼吸衰竭而需要气管插管，辅助呼吸机治疗有几次？',2,6,-1,-1),(13,8,2,0,'在日常观察中，您孩子的哮喘最可能的诱发因素是什么？（可多选）',1,6,-1,-1),(14,9,2,0,'您的孩子哮喘发作后，对支气管扩张剂的治疗反应如何？（可多选）',1,6,-1,-1),(15,10,2,0,'您的孩子是否有湿疹/奶癣，或医生诊断的特应性皮炎？',2,6,-1,-1),(16,11,2,0,'您的孩子是否经常有鼻塞、鼻痒、流鼻涕、打喷嚏的现象，或医生诊断的过敏性鼻炎？',2,6,-1,-1),(17,12,2,0,'您的孩子是否有明确的食物或药物过敏？',2,6,-1,-1),(18,13,2,0,'孩子的母亲是否有以下过敏性疾病？（可多选）',1,6,-1,-1),(19,14,2,0,'孩子的父亲是否有以下过敏性疾病？（可多选）',1,6,-1,-1),(20,15,2,0,'是否有人在您孩子经常活动或休息房间吸烟？频率为：',2,6,-1,-1),(21,17,2,0,'您或您的家人是否因为孩子的哮喘常年不能正常工作？',2,6,-1,-1),(22,18,2,0,'您的孩子是否因为哮喘而影响体育课或免修该课程？',2,6,7,99),(23,19,2,0,'您的孩子是否因为哮喘导致停学或留级？',2,6,7,99),(24,20,2,0,'在开始长期规范化治疗或确诊为哮喘前1年，您的孩子因为哮喘发作住院有几次？',2,6,-1,-1),(25,22,2,0,'在开始长期规范化治疗或确诊为哮喘的前1年，您的孩子使用抗生素有几天？',2,6,-1,-1),(26,23,2,0,'在开始长期规范化治疗或确诊为哮喘的前1年，因为孩子患病，父母误工有几天？',2,6,-1,-1),(27,24,2,0,'在开始长期规范化治疗或确诊为哮喘的前1年，孩子因为患病，学校缺课或幼儿园缺勤有几天？',2,6,3,99),(28,25,2,0,'在开始长期规范化治疗或确诊为哮喘的前1年，带孩子到医院看病，每次往返医院的平均时间是多少？',2,6,-1,-1),(29,26,2,0,'在开始长期规范化治疗或确诊为哮喘的前1年，因为孩子患病，总的医疗费用是多少（包括医保部分，上海儿童门诊医保比例为50%，总费用为实际付出费用*2）？',2,6,-1,-1),(30,29,2,0,'孩子的主要看护着是谁？',2,6,-1,-1),(31,30,2,0,'母亲受教育程度？',2,6,-1,-1),(32,31,2,0,'父亲受教育程度？',2,6,-1,-1),(33,32,2,0,'您家去年的全家总收入是?',2,6,-1,-1),(35,16,2,0,'是否有吸烟者接触您的孩子（无论吸烟者在何处吸烟）？频率为：',2,6,-1,-1),(36,21,2,0,'在开始长期规范化治疗或确诊为哮喘的前一年，您的孩子患呼吸道感染（包括感冒、气管炎和肺炎）有几次？',2,6,-1,-1),(37,27,2,0,'在过去4周内，请为过敏性鼻炎对孩子日常生活造成多大困扰打分，0分为没有影响，10分为非常严重的影响。（非感冒造成的鼻塞、鼻痒、流鼻涕、打喷嚏，根据影严重程度打分）',2,6,-1,-1),(38,28,2,0,'在过去4周内，请为皮肤过敏对孩子日常生活造成多大的困扰打分，0分为没有影响，10分为非常严重的影响。（根据影响的严重程度打分）',2,6,-1,-1),(42,33,2,1,'是否有其他重要信息需要告诉医生：',3,6,-1,-1),(43,34,2,1,'治疗计划（医生填写）:',3,6,99,99),(44,35,2,1,'肺功能结果：（医生填写）',3,6,99,99),(45,1,3,1,'您的孩子目前的身高（cm）：',3,6,-1,-1),(46,2,3,1,'您的孩子目前的体重（kg）：',3,6,-1,-1),(47,3,3,1,'您的孩子第一次出现喘息发作时的年龄？（如果是在一岁以内请填写月龄）',3,6,-1,-1),(48,4,3,0,'您的孩子在开始长期规范化治疗或确诊为哮喘前总共有几次喘息发作？',2,6,-1,-1),(49,5,3,0,'在既往哮喘发作中，出现明显气急、呼吸困难有几次？',2,6,-1,-1),(50,6,3,0,'在既往哮喘发作中，出现面色青紫，血氧饱和度明显下降，需要吸氧治疗有\n几次？',2,6,-1,-1),(51,7,3,0,'在既往哮喘发作中，出现呼吸衰竭而需要气管插管，辅助呼吸机治疗有几次？',2,6,-1,-1),(52,8,3,0,'在日常观察中，您孩子的哮喘最可能的诱发因素是什么？（可多选）',1,6,-1,-1),(53,9,3,0,'您的孩子哮喘发作后，对支气管扩张剂的治疗反应如何？（可多选）',1,6,-1,-1),(54,10,3,0,'您的孩子是否有湿疹/奶癣，或医生诊断的特应性皮炎？',2,6,-1,-1),(55,11,3,0,'您的孩子是否经常有鼻塞、鼻痒、流鼻涕、打喷嚏的现象，或医生诊断的过敏性鼻炎？',2,6,-1,-1),(56,12,3,0,'您的孩子是否有明确的食物或药物过敏？',2,6,-1,-1),(57,13,3,0,'孩子的母亲是否有以下过敏性疾病？（可多选）',1,6,-1,-1),(58,14,3,0,'孩子的父亲是否有以下过敏性疾病？（可多选）',1,6,-1,-1),(59,15,3,0,'是否有人在您孩子经常活动或休息房间吸烟？频率为：',2,6,-1,-1),(60,16,3,0,'是否有吸烟者接触你的孩子（无论吸烟者在何处吸烟）？频率为：',2,6,-1,-1),(61,17,3,0,'您或您的家人是否因为孩子的哮喘常年不能正常工作？',2,6,-1,-1),(62,18,3,0,'您的孩子是否因为哮喘而影响体育课或免修该课程？',2,6,7,99),(63,19,3,0,'您的孩子是否因为哮喘导致停学或留级？',2,6,7,99),(64,20,3,0,'在开始长期规范化治疗或确诊为哮喘前1年，您的孩子因为哮喘发作住院有几次？',2,6,-1,-1),(65,21,3,0,'在开始长期规范化治疗或确诊为哮喘的前1年，您的孩子患呼吸道感染（包括感冒、气管炎和肺炎）有几次？',2,6,-1,-1),(66,22,3,0,'在开始长期规范化治疗或确诊为哮喘的前1年，您的孩子使用抗生素有几天？',2,6,-1,-1),(67,23,3,0,'在开始长期规范化治疗或确诊为哮喘的前1年，因为孩子患病，父母误工有几天？',2,6,-1,-1),(69,24,3,0,'在开始长期规范化治疗或确诊为哮喘的前1年，孩子因为患病，学校缺课或幼儿园缺勤有几天？',2,6,3,99),(70,25,3,0,'在开始长期规范化治疗或确诊为哮喘的前1年，带孩子到医院看病，每次往返医院的平均时间是多少？',2,6,-1,-1),(71,26,3,0,'在开始长期规范化治疗或确诊为哮喘的前1年，因为孩子患病，总的医疗费用是多少（包括医保部分，上海儿童门诊医保比例为50%，总费用为实际付出费用*2）？',2,6,-1,-1),(72,27,3,1,'请为在过去4周内，过敏性鼻炎对孩子日常生活造成对困扰进行打分。0分为没有影响，10分为非常严重的影响。（非感冒造成的鼻塞、鼻痒、流鼻涕、打喷嚏，根据影响的严重程度打分）',2,6,-1,-1),(73,28,3,1,'为过去4周内，皮肤过敏对孩子日常生活造成的困扰进行打分。0分为没有影响，10分为非常严重的影响。（根据影响的严重程度打分）',2,6,-1,-1),(74,29,3,0,'孩子的主要看护着是谁？',2,6,-1,-1),(75,30,3,0,'母亲受教育程度？',2,6,-1,-1),(76,31,3,0,'父亲受教育程度？',2,6,-1,-1),(77,32,3,0,'您家去年的全家总收入是?',2,6,-1,-1),(78,33,3,1,'您的孩子确诊为哮喘的时间：',4,6,-1,-1),(79,34,3,1,'您的孩子开始长期规范治疗的时间：',4,6,-1,-1),(80,35,3,1,'您的孩子自确诊哮喘到现在，长期治疗的方案（控制的药物和时间）（医生填写）',3,6,99,99),(81,36,3,0,'您的孩子开始长期规范治疗后，哮喘再次发作有几次？',2,6,-1,-1),(82,37,3,0,'您的孩子开始长期规范治疗后，患呼吸道感染（包括感冒、气管炎和肺炎）的次数有几次？',2,6,-1,-1),(83,38,3,0,'您的孩子开始长期规范治疗后，到医院急诊的次数有几次？',2,6,-1,-1),(84,39,3,0,'您的孩子开始长期规范治疗后，因为哮喘发作住院有几次？',2,6,-1,-1),(85,40,3,0,'在过去4周内，您的孩子使用抗生素有几天？',2,6,-1,-1),(86,41,3,0,'在过去4周内，您的孩子使用口服激素（强的松/醋酸泼尼松/甲泼尼龙）有几天？',2,6,-1,-1),(87,42,3,0,'在过去4周内，您的孩子使用支气管扩张剂有几天？（口服美普清/爱纳灵/易坦静，气雾吸入万托林，雾化吸入特布他林/可必特等）',2,6,-1,-1),(88,43,3,0,'在过去4周内，因为孩子患病，父母误工有几天？',2,6,-1,-1),(89,44,3,0,'在过去4周内，孩子因为患病，缺课或幼儿园缺勤有几天？',2,6,3,99),(90,45,3,0,'在过去4周内，您的孩子白天出现哮喘症状（持续几分钟）是否多于1次/周？',2,6,0,5),(91,46,3,0,'在过去4周内，您的孩子是否有因哮喘而出现至少1次的活动受限？',2,6,0,5),(92,47,3,0,'在过去4周内，您的孩子是否需要使用缓解药物多于1次/周？',2,6,0,5),(93,48,3,0,'在过去4周内，您的孩子是否因哮喘而出现至少1次的夜间醒来或夜间咳嗽？',2,6,0,5),(94,49,3,0,'在过去4周内，您的孩子白天出现哮喘症状是否多于2次/周？',1,6,6,99),(95,50,3,0,'在过去4周内，您的孩子是否有因哮喘而出现至少1次的活动受限？',2,6,6,99),(96,51,3,0,'在过去4周内，您的孩子是否需要使用缓解药物多于2次/周？',2,6,6,99),(97,52,3,0,'在过去4周内，您的孩子是否因哮喘而出现至少1次的夜间醒来或夜间咳嗽？',2,6,6,99),(98,53,3,0,'在过去4周内，在发作间期，您的孩子在激动、兴奋、玩耍或大笑时，是否会出现咳嗽、喘息或呼吸粗重？',2,6,0,5),(99,54,3,0,'在过去4周内，在发作间期，在发作间期，孩子在跑步、运动或登楼时，是否会出现咳嗽、喘息或呼吸急促？',2,6,6,99),(100,55,3,0,'在过去4周内，带孩子到医院看病，每次往返医院的平均时间是多少？',2,6,-1,-1),(101,56,3,0,'在过去4周内，您的孩子治疗哮喘的医疗总费用是多少（包括医保部分）？',2,6,-1,-1),(102,57,3,1,'在过去4周内，您有没有发现孩子有以下问题：（可多选）',1,6,-1,-1),(103,58,3,1,'如果您未坚持使用吸入激素，有以下哪些原因？（可多选）',1,6,-1,-1),(104,59,3,0,'如果使用皮下或舌下脱敏（畅迪）治疗，请您对治疗效果做出评价',2,6,-1,-1),(105,60,3,1,'您觉得还有什么重要信息，需要告诉医生：',3,6,-1,-1),(106,61,3,1,'肺功能结果（医生填写）',3,6,99,99),(107,62,3,0,'哮喘症状控制水平（医生填写）',2,6,99,99),(108,63,3,1,'治疗计划（医生填写）',3,6,99,99),(109,1,4,1,'您的孩子目前的体重（kg）：',3,6,-1,-1),(110,2,4,1,'您的孩子目前的身高（cm）：',3,6,-1,-1),(111,3,4,1,'过去3月的长期治疗方案（控制的药物和时间）（医生填写）',3,6,99,99),(112,4,4,0,'在过去4周内，您的孩子哮喘再次发作有几次？',2,6,-1,-1),(113,5,4,0,'在过去4周内，您的孩子患呼吸道感染（包括感冒、气管炎和肺炎）有几次？',2,6,-1,-1),(114,6,4,0,'在过去4周内，您的孩子因为哮喘发作，到医院急诊有几次？',2,6,-1,-1),(115,7,4,0,'在过去4周内，您的孩子因为哮喘发作，住院有几次？',2,6,-1,-1),(116,8,4,0,'在过去4周内，您的孩子使用抗生素有几天？',2,6,-1,-1),(117,9,4,0,'在过去4周内，您的孩子使用口服激素（强的松/醋酸泼尼松/甲泼尼龙）有几天？',2,6,-1,-1),(118,10,4,0,'在过去4周内，您的孩子使用支气管扩张剂有几天？（口服美普清/爱纳灵/易坦静，气雾吸入万托林，雾化吸入特布他林/可必特等）',2,6,-1,-1),(119,11,4,0,'在过去4周内，因为孩子患病，父母误工有几天？',2,6,-1,-1),(120,12,4,0,'在过去4周内，孩子因为患病，缺课或幼儿园缺勤有几天？',2,6,3,99),(121,13,4,0,'在过去4周内，您的孩子白天出现哮喘症状（持续几分钟）是否多于1次/周？',2,6,0,5),(122,14,4,0,'在过去4周内，您的孩子是否有因哮喘而出现至少1次的活动受限？',2,6,0,5),(123,15,4,0,'在过去4周内，您的孩子是否需要使用缓解药物多于1次/周？',2,6,0,5),(124,16,4,0,'在过去4周内，您的孩子是否因哮喘而出现至少1次的夜间醒来或夜间咳嗽？',2,6,0,5),(125,17,4,0,'在过去4周内，您的孩子白天出现哮喘症状是否多于2次/周？',2,6,6,99),(126,19,4,0,'在过去4周内，您的孩子是否需要使用缓解药物多于2次/周？',2,6,6,99),(127,21,4,0,'在过去4周内，在发作间期，您的孩子在激动、兴奋、玩耍或大笑时，是否会出现咳嗽、喘息或呼吸粗重？',2,6,0,5),(128,22,4,0,'在过去4周内，在发作期间，孩子在跑步、运动或登楼时，是否会出现咳嗽、喘息或呼吸急促？',2,6,6,99),(129,23,4,0,'在过去4周内，过敏性鼻炎对孩子日常生活造成多大的困扰？（非感冒造成的鼻塞，鼻痒，流鼻涕，打喷嚏，根据影响的严重程度打分）',2,6,-1,-1),(130,24,4,0,'在过去4周内，皮肤过敏对孩子日常生活造成多大的困扰？（根据影响的严重程度打分）',2,6,-1,-1),(131,25,4,0,'在过去4周内，带孩子到医院看病，每次往返医院的平均时间是多少？',2,6,-1,-1),(132,26,4,0,'在过去4周内，您的孩子治疗哮喘的医疗总费用是多少（包括医保部分）？',2,6,-1,-1),(133,27,4,1,'在过去4周内，您有没有发现孩子有以下问题：（可多选）',1,6,-1,-1),(134,28,4,1,'如果您未坚持使用吸入激素，有以下哪些原因？（可多选）',1,6,-1,-1),(135,29,4,0,'如果使用皮下或舌下脱敏（畅迪）治疗，请您对治疗效果做出评价',2,6,-1,-1),(136,30,4,1,'其他需要告诉医生的重要信息：（如果近1-3月有哮喘急性发作，请注明发作具体日期）',3,6,-1,-1),(137,31,4,1,'肺功能结果：（医生填写）',3,6,99,99),(138,32,4,0,'哮喘控制水平：（医生填写）',2,6,99,99),(139,33,4,1,'治疗计划：（医生填写）',3,6,99,99),(140,1,5,0,'您的孩子是否觉得胸闷或胸痛？',2,6,-1,-1),(141,2,5,0,'您的孩子是否觉得有哮鸣音或吼喘？',2,6,-1,-1),(142,3,5,0,'您的孩子是否出现哮喘发作？',2,6,-1,-1),(143,4,5,0,'您的孩子在哮喘发作时觉得害怕吗？',2,6,-1,-1),(144,5,5,0,'您的孩子是否觉得喘不过气？',2,6,-1,-1),(145,6,5,0,'您的孩子是否有咳嗽？',2,6,-1,-1),(146,7,5,0,'您的孩子深呼吸是否觉得困难？',2,6,-1,-1),(148,8,5,0,'您的孩子是否有鼻塞或流涕？',2,6,-1,-1),(149,9,5,0,'您的孩子夜间是否有过因呼吸困难而醒来的情况？',2,6,-1,-1),(150,10,5,0,'您的孩子和宠物玩耍有问题吗？（是否会觉得胸闷或喘息加重？）',2,6,-1,-1),(151,11,5,0,'在户外玩耍有困难吗？',2,6,-1,-1),(152,12,5,0,'药物是否让您的孩子感觉很恶心（包括雾化和口服）？',2,6,-1,-1),(153,13,5,0,'药物是否让您的孩子感觉睡眠困难？',2,6,-1,-1),(154,14,5,0,'使用吸入药物有困难？',2,6,-1,-1),(155,15,5,0,'是否不喜欢便携式雾化吸入器？',2,6,-1,-1),(156,16,5,0,'能做按时吃药吗？',2,6,-1,-1),(157,17,5,0,'您的孩子会拒绝吃药吗？',2,6,-1,-1),(158,18,5,0,'您的孩子会忘记服药吗？',2,6,-1,-1),(159,19,5,0,'您孩子的哮喘情况是否难以控制？',2,6,-1,-1),(160,20,5,0,'当不得不接受药物治疗时，您的孩子是否会焦虑？',2,6,-1,-1),(161,21,5,0,'去看医生时，您的孩子是否会焦虑？',2,6,5,99),(162,22,5,0,'去医院时，您的孩子是否会焦虑？',2,6,5,99),(163,23,5,0,'您的孩子是否担心药物治疗的副作用？',2,6,-1,-1),(164,24,5,0,'您的孩子觉得药物治疗有效吗？',2,6,-1,-1),(165,25,5,0,'您的孩子担心自己的病情吗？',2,6,-1,-1),(166,26,5,0,'您的孩子知道并详细了解自己的病情吗？',2,6,-1,-1),(167,27,5,0,'您的孩子是否难以将自己的感觉告诉医生或护士？',2,6,-1,-1),(168,28,5,0,'您的孩子会向医生活护士问问题吗？',2,6,-1,-1),(169,29,5,0,'您的孩子能够向别人解释自己的病情吗？',2,6,-1,-1),(170,1,6,0,'今天你的哮喘怎么样？（请让您的孩子独立完成）',2,6,-1,-1),(171,2,6,0,'当你在跑步、锻炼或运动的时候，哮喘是个多大的问题？（请让您的孩子独立完成）',2,6,-1,-1),(172,3,6,0,'你会因哮喘而咳嗽吗？（请让您的孩子独立完成）',2,6,-1,-1),(173,4,6,0,'你会因为哮喘夜里醒来吗？（请让您的孩子独立完成）',2,6,-1,-1),(174,5,6,0,'在过去的4周里，您的孩子有多少天有日间哮喘症状？（请家长自己回答）',2,6,-1,-1),(175,6,6,0,'在过去的4周里，您的孩子有多少天因为哮喘在白天出现喘息声？（请家长自己回答）',2,6,-1,-1),(176,7,6,0,'在过去的4周里，您的孩子有多少天因为哮喘而在夜里醒来？（请家长自己回答）',2,6,-1,-1),(177,18,4,0,'在过去4周内，您的孩子是否因哮喘而出现至少1次的活动受限？',2,6,6,99),(178,20,4,0,'在过去的4周内，您的孩子是否因哮喘而出现至少1次的夜间醒来或夜间咳嗽？',2,6,6,99);
/*!40000 ALTER TABLE `Question` ENABLE KEYS */;
UNLOCK TABLES;

--
-- Table structure for table `RetrieveInfo`
--

DROP TABLE IF EXISTS `RetrieveInfo`;
/*!40101 SET @saved_cs_client     = @@character_set_client */;
/*!40101 SET character_set_client = utf8 */;
CREATE TABLE `RetrieveInfo` (
  `deliveryId` int(11) NOT NULL,
  `patientId` varchar(255) NOT NULL,
  `surveyId` int(11) NOT NULL,
  `retrieveDate` datetime DEFAULT NULL,
  `byDoctor` varchar(25) DEFAULT '',
  `aid` int(11) NOT NULL,
  PRIMARY KEY (`deliveryId`),
  KEY `surveyId` (`surveyId`),
  KEY `patientId` (`patientId`),
  KEY `aid` (`aid`),
  CONSTRAINT `RetrieveInfo_ibfk_1` FOREIGN KEY (`deliveryId`) REFERENCES `deliveryInfo` (`deliveryId`) ON DELETE CASCADE,
  CONSTRAINT `RetrieveInfo_ibfk_2` FOREIGN KEY (`surveyId`) REFERENCES `survey` (`surveyId`) ON DELETE CASCADE,
  CONSTRAINT `RetrieveInfo_ibfk_3` FOREIGN KEY (`patientId`) REFERENCES `Patient` (`patientId`) ON DELETE CASCADE,
  CONSTRAINT `RetrieveInfo_ibfk_4` FOREIGN KEY (`aid`) REFERENCES `doctor` (`aid`)
) ENGINE=InnoDB DEFAULT CHARSET=utf8;
/*!40101 SET character_set_client = @saved_cs_client */;

--
-- Dumping data for table `RetrieveInfo`
--

LOCK TABLES `RetrieveInfo` WRITE;
/*!40000 ALTER TABLE `RetrieveInfo` DISABLE KEYS */;
/*!40000 ALTER TABLE `RetrieveInfo` ENABLE KEYS */;
UNLOCK TABLES;

--
-- Table structure for table `answer_choice`
--

DROP TABLE IF EXISTS `answer_choice`;
/*!40101 SET @saved_cs_client     = @@character_set_client */;
/*!40101 SET character_set_client = utf8 */;
CREATE TABLE `answer_choice` (
  `answerId` int(11) NOT NULL,
  `choiceId` int(11) NOT NULL,
  PRIMARY KEY (`answerId`,`choiceId`),
  KEY `choiceId` (`choiceId`),
  CONSTRAINT `answer_choice_ibfk_1` FOREIGN KEY (`answerId`) REFERENCES `Answer` (`answerId`) ON DELETE CASCADE,
  CONSTRAINT `answer_choice_ibfk_2` FOREIGN KEY (`choiceId`) REFERENCES `Choice` (`choiceId`) ON DELETE CASCADE
) ENGINE=InnoDB DEFAULT CHARSET=utf8;
/*!40101 SET character_set_client = @saved_cs_client */;

--
-- Dumping data for table `answer_choice`
--

LOCK TABLES `answer_choice` WRITE;
/*!40000 ALTER TABLE `answer_choice` DISABLE KEYS */;
/*!40000 ALTER TABLE `answer_choice` ENABLE KEYS */;
UNLOCK TABLES;

--
-- Table structure for table `deliveryInfo`
--

DROP TABLE IF EXISTS `deliveryInfo`;
/*!40101 SET @saved_cs_client     = @@character_set_client */;
/*!40101 SET character_set_client = utf8 */;
CREATE TABLE `deliveryInfo` (
  `deliveryId` int(11) NOT NULL,
  `deliveryDate` datetime DEFAULT NULL,
  `endDate` datetime DEFAULT NULL,
  `overday` int(11) DEFAULT '0',
  `state` int(2) DEFAULT '0',
  `patientId` varchar(255) DEFAULT NULL,
  `surveyId` int(11) DEFAULT NULL,
  `aid` int(11) DEFAULT NULL,
  PRIMARY KEY (`deliveryId`),
  KEY `aid` (`aid`),
  KEY `patientId` (`patientId`),
  KEY `surveyId` (`surveyId`),
  CONSTRAINT `deliveryInfo_ibfk_1` FOREIGN KEY (`aid`) REFERENCES `doctor` (`aid`),
  CONSTRAINT `deliveryInfo_ibfk_2` FOREIGN KEY (`patientId`) REFERENCES `Patient` (`patientId`) ON DELETE CASCADE,
  CONSTRAINT `deliveryInfo_ibfk_3` FOREIGN KEY (`surveyId`) REFERENCES `survey` (`surveyId`) ON DELETE CASCADE
) ENGINE=InnoDB DEFAULT CHARSET=utf8;
/*!40101 SET character_set_client = @saved_cs_client */;

--
-- Dumping data for table `deliveryInfo`
--

LOCK TABLES `deliveryInfo` WRITE;
/*!40000 ALTER TABLE `deliveryInfo` DISABLE KEYS */;
/*!40000 ALTER TABLE `deliveryInfo` ENABLE KEYS */;
UNLOCK TABLES;

--
-- Table structure for table `doctor`
--

DROP TABLE IF EXISTS `doctor`;
/*!40101 SET @saved_cs_client     = @@character_set_client */;
/*!40101 SET character_set_client = utf8 */;
CREATE TABLE `doctor` (
  `aid` int(11) NOT NULL,
  `username` varchar(20) CHARACTER SET utf8 COLLATE utf8_bin NOT NULL,
  `name` varchar(20) DEFAULT NULL,
  `pwd` varchar(64) DEFAULT NULL,
  `phone` varchar(20) DEFAULT NULL,
  `hospitalID` int(11) DEFAULT NULL,
  `state` int(2) DEFAULT '1',
  PRIMARY KEY (`aid`),
  KEY `hospitalID` (`hospitalID`),
  CONSTRAINT `doctor_ibfk_1` FOREIGN KEY (`hospitalID`) REFERENCES `hospital` (`aid`)
) ENGINE=InnoDB DEFAULT CHARSET=utf8;
/*!40101 SET character_set_client = @saved_cs_client */;

--
-- Dumping data for table `doctor`
--

LOCK TABLES `doctor` WRITE;
/*!40000 ALTER TABLE `doctor` DISABLE KEYS */;
INSERT INTO `doctor` VALUES (6,'lht','lht','3DOSGROTSOLR+Or8OgGwFQ==','13547865412',0,1),(7,'刘玲君','刘玲君','4QrcOUm6Wau+VuBX8g+IPg==','13333333333',2,1),(8,'姜平','姜平','4QrcOUm6Wau+VuBX8g+IPg==','13333333333',2,1),(9,'陈晟','陈晟','4QrcOUm6Wau+VuBX8g+IPg==','13333333333',3,1),(10,'付琼','付琼','4QrcOUm6Wau+VuBX8g+IPg==','13333333333',3,1),(11,'秦莉华','秦莉华','4QrcOUm6Wau+VuBX8g+IPg==','13333333333',3,1),(12,'何颖','何颖','4QrcOUm6Wau+VuBX8g+IPg==','13333333333',4,1),(13,'蔡亦琴','蔡亦琴','4QrcOUm6Wau+VuBX8g+IPg==','13333333333',4,1),(14,'张婷','张婷','4QrcOUm6Wau+VuBX8g+IPg==','13333333333',4,1),(15,'吴群芝','吴群芝','4QrcOUm6Wau+VuBX8g+IPg==','13333333333',5,1),(16,'黄佼佼','黄佼佼','4QrcOUm6Wau+VuBX8g+IPg==','13333333333',5,1),(17,'冯伟','冯伟','4QrcOUm6Wau+VuBX8g+IPg==','13333333333',6,1),(18,'施少艳','施少艳','4QrcOUm6Wau+VuBX8g+IPg==','13333333333',6,1),(19,'周志刚','周志刚','4QrcOUm6Wau+VuBX8g+IPg==','13333333333',7,1),(20,'沙文娅','沙文娅','4QrcOUm6Wau+VuBX8g+IPg==','13333333333',7,1),(21,'朱逸星','朱逸星','4QrcOUm6Wau+VuBX8g+IPg==','13333333333',7,1),(22,'鲁沁沁','鲁沁沁','4QrcOUm6Wau+VuBX8g+IPg==','13333333333',8,1),(23,'印嬿','印嬿','4QrcOUm6Wau+VuBX8g+IPg==','13333333333',8,1),(24,'袁丽华','袁丽华','4QrcOUm6Wau+VuBX8g+IPg==','13333333333',8,1),(25,'戴惠','戴惠','4QrcOUm6Wau+VuBX8g+IPg==','13333333333',9,1),(26,'王梦蛟','王梦蛟','4QrcOUm6Wau+VuBX8g+IPg==','13333333333',9,1),(27,'叶兰萍','叶兰萍','4QrcOUm6Wau+VuBX8g+IPg==','13333333333',10,1),(28,'周莉丽','周莉丽','4QrcOUm6Wau+VuBX8g+IPg==','13333333333',10,1),(29,'莫丹丹','莫丹丹','4QrcOUm6Wau+VuBX8g+IPg==','13333333333',11,1),(30,'张彬彬','张彬彬','4QrcOUm6Wau+VuBX8g+IPg==','13333333333',11,1),(31,'殷春芸','殷春芸','4QrcOUm6Wau+VuBX8g+IPg==','13333333333',11,1),(32,'乔慧华','乔慧华','4QrcOUm6Wau+VuBX8g+IPg==','13333333333',12,1),(33,'刘晓亲','刘晓亲','4QrcOUm6Wau+VuBX8g+IPg==','13333333333',12,1),(34,'乔怡','乔怡','4QrcOUm6Wau+VuBX8g+IPg==','13333333333',12,1),(35,'袁谊春','袁谊春','4QrcOUm6Wau+VuBX8g+IPg==','13333333333',13,1),(36,'顾卓亚','顾卓亚','4QrcOUm6Wau+VuBX8g+IPg==','13333333333',13,1),(37,'汪燕萍','汪燕萍','4QrcOUm6Wau+VuBX8g+IPg==','13333333333',14,1),(38,'潘雪春','潘雪春','4QrcOUm6Wau+VuBX8g+IPg==','13333333333',14,1),(39,'瞿丽华','瞿丽华','4QrcOUm6Wau+VuBX8g+IPg==','13333333333',15,1),(40,'金瑶','金瑶','4QrcOUm6Wau+VuBX8g+IPg==','13333333333',15,1),(41,'殷勇','殷勇','4QrcOUm6Wau+VuBX8g+IPg==','13333333333',1,1),(42,'张皓','张皓','4QrcOUm6Wau+VuBX8g+IPg==','13333333333',1,1),(43,'钟文伟','钟文伟','4QrcOUm6Wau+VuBX8g+IPg==','13333333333',1,1),(44,'张磊','张磊','4QrcOUm6Wau+VuBX8g+IPg==','13333333333',1,1),(45,'张静','张静','4QrcOUm6Wau+VuBX8g+IPg==','13333333333',1,1),(46,'袁姝华','袁姝华','4QrcOUm6Wau+VuBX8g+IPg==','13333333333',1,1),(47,'邬宇芬','邬宇芬','4QrcOUm6Wau+VuBX8g+IPg==','13333333333',1,1),(48,'唐铭钰','唐铭钰','4QrcOUm6Wau+VuBX8g+IPg==','13333333333',1,1),(49,'吴巾红','吴巾红','4QrcOUm6Wau+VuBX8g+IPg==','13333333333',1,1),(50,'董文芳','董文芳','4QrcOUm6Wau+VuBX8g+IPg==','13333333333',1,1),(51,'林洁','林洁','4QrcOUm6Wau+VuBX8g+IPg==','13333333333',1,1),(52,'陈建德','陈建德','4QrcOUm6Wau+VuBX8g+IPg==','13333333333',1,1),(53,'张芬','张芬','4QrcOUm6Wau+VuBX8g+IPg==','13333333333',1,1),(54,'潘春红','潘春红','4QrcOUm6Wau+VuBX8g+IPg==','13333333333',1,1),(55,'秦燕云','秦燕云','4QrcOUm6Wau+VuBX8g+IPg==','13333333333',1,1),(56,'李佳燕','李佳燕','4QrcOUm6Wau+VuBX8g+IPg==','13333333333',1,1),(57,'曹芳','曹芳','4QrcOUm6Wau+VuBX8g+IPg==','13333333333',1,1),(58,'朱艳莲','朱艳莲','4QrcOUm6Wau+VuBX8g+IPg==','13333333333',1,1);
/*!40000 ALTER TABLE `doctor` ENABLE KEYS */;
UNLOCK TABLES;

--
-- Table structure for table `hospital`
--

DROP TABLE IF EXISTS `hospital`;
/*!40101 SET @saved_cs_client     = @@character_set_client */;
/*!40101 SET character_set_client = utf8 */;
CREATE TABLE `hospital` (
  `aid` int(11) NOT NULL,
  `visible` tinyint(1) NOT NULL,
  `name` varchar(20) DEFAULT NULL,
  PRIMARY KEY (`aid`)
) ENGINE=InnoDB DEFAULT CHARSET=utf8;
/*!40101 SET character_set_client = @saved_cs_client */;

--
-- Dumping data for table `hospital`
--

LOCK TABLES `hospital` WRITE;
/*!40000 ALTER TABLE `hospital` DISABLE KEYS */;
INSERT INTO `hospital` VALUES (0,0,'潮峻科技'),(1,1,'上海儿童医学中心'),(2,1,'陆家嘴社区卫生服务中心'),(3,1,'北蔡社区卫生服务中心'),(4,1,'合庆社区卫生服务中心'),(5,1,'联洋社区卫生服务中心'),(6,1,'惠南社区卫生服务中心'),(7,1,'塘桥社区卫生服务中心'),(8,1,'高桥社区卫生服务中心'),(9,1,'三林社区卫生服务中心'),(10,1,'祝桥社区卫生服务中心'),(11,1,'金杨社区卫生服务中心'),(12,1,'沪东社区卫生服务中心'),(13,1,'洋泾社区卫生服务中心'),(14,1,'泥城社区卫生服务中心'),(15,1,'大团社区卫生服务中心');
/*!40000 ALTER TABLE `hospital` ENABLE KEYS */;
UNLOCK TABLES;

--
-- Table structure for table `plan_survey`
--

DROP TABLE IF EXISTS `plan_survey`;
/*!40101 SET @saved_cs_client     = @@character_set_client */;
/*!40101 SET character_set_client = utf8 */;
CREATE TABLE `plan_survey` (
  `planId` int(11) NOT NULL,
  `surveyId` int(11) NOT NULL,
  PRIMARY KEY (`planId`,`surveyId`),
  KEY `surveyId` (`surveyId`),
  CONSTRAINT `plan_survey_ibfk_1` FOREIGN KEY (`planId`) REFERENCES `Plan` (`planId`) ON DELETE CASCADE,
  CONSTRAINT `plan_survey_ibfk_2` FOREIGN KEY (`surveyId`) REFERENCES `survey` (`surveyId`) ON DELETE CASCADE
) ENGINE=InnoDB DEFAULT CHARSET=utf8;
/*!40101 SET character_set_client = @saved_cs_client */;

--
-- Dumping data for table `plan_survey`
--

LOCK TABLES `plan_survey` WRITE;
/*!40000 ALTER TABLE `plan_survey` DISABLE KEYS */;
INSERT INTO `plan_survey` VALUES (1,1),(2,1),(3,1),(4,1),(5,1),(6,1),(1,2),(4,2),(7,2),(2,3),(5,3),(8,3),(1,4),(2,4),(3,4),(4,4),(5,4),(6,4),(7,4),(8,4),(9,4),(4,5),(5,5),(6,5),(7,5),(8,5),(9,5),(7,6),(8,6),(9,6);
/*!40000 ALTER TABLE `plan_survey` ENABLE KEYS */;
UNLOCK TABLES;

--
-- Table structure for table `survey`
--

DROP TABLE IF EXISTS `survey`;
/*!40101 SET @saved_cs_client     = @@character_set_client */;
/*!40101 SET character_set_client = utf8 */;
CREATE TABLE `survey` (
  `surveyId` int(11) NOT NULL,
  `surveyName` varchar(20) NOT NULL,
  `author` varchar(20) DEFAULT NULL,
  `num` int(5) DEFAULT '0',
  `bday` int(5) NOT NULL,
  `currentNum` int(5) DEFAULT '0',
  `department` varchar(20) DEFAULT NULL,
  `description` varchar(255) DEFAULT NULL,
  `putdate` datetime DEFAULT NULL,
  `typeId` int(11) DEFAULT NULL,
  `frequency` int(2) DEFAULT '0',
  `times` int(2) DEFAULT '0',
  `aid` int(11) DEFAULT NULL,
  `sendOnRegister` tinyint(1) NOT NULL,
  PRIMARY KEY (`surveyId`),
  KEY `aid` (`aid`),
  KEY `typeId` (`typeId`),
  CONSTRAINT `survey_ibfk_1` FOREIGN KEY (`aid`) REFERENCES `doctor` (`aid`),
  CONSTRAINT `survey_ibfk_2` FOREIGN KEY (`typeId`) REFERENCES `surveyType` (`typeId`) ON DELETE SET NULL
) ENGINE=InnoDB DEFAULT CHARSET=utf8;
/*!40101 SET character_set_client = @saved_cs_client */;

--
-- Dumping data for table `survey`
--

LOCK TABLES `survey` WRITE;
/*!40000 ALTER TABLE `survey` DISABLE KEYS */;
INSERT INTO `survey` VALUES (1,'TRACK儿童呼吸和哮喘控制测试','NA',0,30,1,'NA','TRACK 测试是一份为 5 岁以下儿童的照顾者设计的含有 5 项内容的标准化问卷调查，TRACK 测试关注哮喘控制的风险和 损伤问题，与当前的哮喘指南一致，该测试适合用于以下儿童:5 岁以下，并且有过发作≥ 2 次的喘息、呼吸短促，或持续 超过 24 小时的咳嗽病史，并且此前曾使用过支气管扩张剂治疗呼吸问题或曾被诊断患有哮喘。','2018-03-18 11:29:18',1,1,99,6,1),(2,'哮喘新病例入组问卷（A1）','NA',0,30,1,'NA','萌宝呼卫队哮喘新病例入组问卷（新病例填写）。这份问卷将对您孩子目前对情况进行调查，有助于医生掌握您孩子目前对状况，为后续治疗提供指导。','2018-03-18 11:37:40',1,1,1,6,1),(3,'哮喘既往病例入组问卷（A2）','NA',0,30,0,'NA','萌宝呼卫队哮喘病例入组问卷（既往病例填写）。这份问卷将对您孩子目前对情况进行调查，有助于医生掌握您孩子目前对状况，为后续治疗提供指导。','2018-03-18 12:15:32',1,1,1,6,1),(4,'哮喘随访问卷（B）','NA',0,30,0,'NA','萌宝呼卫队-哮喘随访问卷（B）。本问卷将记录您的孩子上个月的哮喘控制情况，为后续治疗提供知道。随访周期为每月一次。','2018-03-18 13:32:21',1,1,99,6,0),(5,'儿童哮喘生命质量随访问卷','NA',0,30,1,'NA','本问卷问题请您根据孩子近1月来的情况作答。加强对哮喘儿童心理社会因素评估，合理选择心理护理和健康教育方法，最终使哮喘儿童形成认知与行为统一对健康行为趋向，可以全面完善哮喘儿童的生命质量。','2018-03-18 13:59:07',1,6,99,6,1),(6,'哮喘控制测试评分','NA',0,30,0,'NA','C-ACT（哮喘控制测试）评分是哮喘治疗过程中监测和评估哮喘病情的有效工具，每4周（或1月）评估一次，对于调整治疗方案和巩固疗效非常有益；满分27分，分数越高，代表控制的越好。','2018-03-18 20:19:30',1,1,99,6,1);
/*!40000 ALTER TABLE `survey` ENABLE KEYS */;
UNLOCK TABLES;

--
-- Table structure for table `surveyType`
--

DROP TABLE IF EXISTS `surveyType`;
/*!40101 SET @saved_cs_client     = @@character_set_client */;
/*!40101 SET character_set_client = utf8 */;
CREATE TABLE `surveyType` (
  `typeId` int(11) NOT NULL,
  `typeName` varchar(20) NOT NULL,
  PRIMARY KEY (`typeId`)
) ENGINE=InnoDB DEFAULT CHARSET=utf8;
/*!40101 SET character_set_client = @saved_cs_client */;

--
-- Dumping data for table `surveyType`
--

LOCK TABLES `surveyType` WRITE;
/*!40000 ALTER TABLE `surveyType` DISABLE KEYS */;
INSERT INTO `surveyType` VALUES (1,'儿童哮喘随访问卷');
/*!40000 ALTER TABLE `surveyType` ENABLE KEYS */;
UNLOCK TABLES;

--
-- Table structure for table `wechatAccount`
--

DROP TABLE IF EXISTS `wechatAccount`;
/*!40101 SET @saved_cs_client     = @@character_set_client */;
/*!40101 SET character_set_client = utf8 */;
CREATE TABLE `wechatAccount` (
  `aid` int(11) NOT NULL,
  `appID` varchar(20) NOT NULL,
  `appSecret` varchar(30) NOT NULL,
  PRIMARY KEY (`aid`),
  UNIQUE KEY `appID` (`appID`)
) ENGINE=InnoDB DEFAULT CHARSET=utf8;
/*!40101 SET character_set_client = @saved_cs_client */;

--
-- Dumping data for table `wechatAccount`
--

LOCK TABLES `wechatAccount` WRITE;
/*!40000 ALTER TABLE `wechatAccount` DISABLE KEYS */;
/*!40000 ALTER TABLE `wechatAccount` ENABLE KEYS */;
UNLOCK TABLES;
/*!40103 SET TIME_ZONE=@OLD_TIME_ZONE */;

/*!40101 SET SQL_MODE=@OLD_SQL_MODE */;
/*!40014 SET FOREIGN_KEY_CHECKS=@OLD_FOREIGN_KEY_CHECKS */;
/*!40014 SET UNIQUE_CHECKS=@OLD_UNIQUE_CHECKS */;
/*!40101 SET CHARACTER_SET_CLIENT=@OLD_CHARACTER_SET_CLIENT */;
/*!40101 SET CHARACTER_SET_RESULTS=@OLD_CHARACTER_SET_RESULTS */;
/*!40101 SET COLLATION_CONNECTION=@OLD_COLLATION_CONNECTION */;
/*!40111 SET SQL_NOTES=@OLD_SQL_NOTES */;

-- Dump completed on 2018-03-31 11:26:32
